"feature1","feature2","feature3","feature4","feature5","feature6","feature7","feature8","feature9","feature10","feature11","feature12","feature13","feature14","feature15","feature16","feature17","feature18","feature19","feature20"
0.468549564839686,1.36880574059038,0.508935530710167,2.69476388869722,0.096116080243513,0.345458462593374,0.20650077147659,1.47303489335764,0.576850608295789,-0.309335461098928,-0.632061157958221,0.423653612584832,1.28044352812844,-0.18162317526275,0.493752667879493,0.0062471427292028,0.990683890785112,-0.535931503959566,2.25136829558554,-1.33017999336268
1.77801477315037,-1.01399792289995,0.710389542339483,0.193992262839719,-0.360952717366583,-0.532507617693423,-0.744826946466574,-0.504786599119353,-0.875148783469503,0.415459418067411,-0.529812296734674,-0.556146382450169,0.605602084799571,-0.138400796578705,-1.41209494569159,-0.711762596328985,-0.219525979681503,-0.556324789500142,0.565603983077657,-0.801957970664679
-1.34223942215054,-1.13956252050656,-0.760848850188035,1.03004714938773,0.405605584443395,2.21889543293407,0.867345823323649,0.00289032969881191,1.33468949527494,0.0183912520200992,-0.389493915558787,0.859185000868301,-0.817227957024606,-0.0616384824087462,1.29259174542089,-0.34118213217304,-0.675977154937831,-0.195515454757189,0.926511850647654,-0.603559559751153
-0.241898444219623,0.922297094067626,-2.05729769101186,-0.927609275857815,0.241049142151957,-0.0845549360053268,2.03949785542392,0.505703345855478,-0.598074833649087,-1.74318860882357,-0.396403809966438,-1.46097081090963,0.619840154533349,0.258187548828955,0.575472720477626,2.17146644747044,-0.988733390720433,-0.204472367503002,-1.05237145462561,-0.00498083170629456
-1.20382607481249,1.72911115323498,-0.0903436408072384,-0.744769429321215,0.837167140526577,-0.373977765024926,-1.40335837391022,-1.30873199922907,0.763384809876307,-0.352679198858045,0.181725877280219,1.25695396259946,-1.24772711192027,-0.501919134469704,-0.420070759718363,-0.145549056638567,0.0849927811132184,-0.0180649557116048,-0.156905137036667,-0.158324162625599
-0.827966600665479,0.694066031699985,0.630706475258254,-0.906385337958754,0.357096838821548,0.091235861477692,1.67829384398486,-0.437901694916738,-0.509285298087023,-0.708190964864545,-0.99975583503418,0.066865182379356,-0.775333211259592,1.03906459801047,-0.557784630872144,1.60914968654893,0.311312966599882,0.525995204932947,-1.35953232500157,0.156314234610148
0.19480631754983,-0.283999818873961,1.66152941117431,-0.367711009495277,0.0456743174271993,0.737506790604483,0.448227713085066,-0.444597042734573,-0.946333970232937,0.140677031111574,1.12320336209356,0.464510011549003,-0.693469409068007,1.60106994561912,-1.62081202854961,-1.6235474564649,0.911755519846426,0.324663733779575,-0.4430027043046,-1.01071693025468
1.30845716557607,0.594746522969862,1.64283906514278,-0.158700163384987,-0.218877596162937,1.36385130368718,0.316569842193215,-1.26244484066683,0.0376709465086072,3.19522817522026,-2.36928081684793,1.01411097901907,-0.579667324064485,0.49279950535642,0.894731152772852,-1.27327758970775,-1.66453663482547,-0.602253897365078,-0.306942095065397,-1.85530110018192
-1.18424574415467,0.568492272470516,0.397024183522748,0.469253392146916,0.451347258331723,-0.053926451732746,1.31306739359687,-0.0978778556528816,-0.675052590509435,-0.224307733653166,-1.00636172047311,-0.62174715156206,-0.0241571120744839,-0.282472894058584,0.45483786119038,2.03805117398173,0.489682430545985,1.060232487581,-0.343565147504934,-0.511398604061318
-0.495953160000158,-1.0449165123436,0.794483585966417,0.291701592147924,-1.59775439218237,0.442223815107397,0.7454199199804,0.0969110957501121,-0.115442013823168,-1.00075424832813,-1.13110726261473,0.979508105963227,-0.430015747935232,-0.00470804314857177,1.69753023638204,0.444600460903549,0.4979892336849,0.410884041865539,1.42471612582475,1.66857042108177
-0.1242558260019,0.101327206672149,0.559485700486977,-1.52033830531491,-0.150518262449597,-0.798688644982946,-0.303650279739558,-0.59424805526497,0.300806278744214,-1.26240953070651,-0.394064222634638,-0.532285202672028,1.19950286406223,0.337564805835486,0.378697397172991,-0.0620713785947444,-0.407686587354064,0.579665936364964,0.592555379618402,-0.0224091560450262
-1.78705281444036,-1.04002789074129,-1.75971151389453,1.04642086802784,1.00743311284018,-0.765338145951405,0.455501272923086,-0.634370187023038,0.0981225331115468,0.0900052664206193,-0.270256990153943,0.477077814903442,-1.56881655687621,0.0870361345429131,-0.0251433328004091,-1.82214623403283,-1.832658927992,-1.8408605577596,0.229428279748568,0.0864036851977936
-0.00162498642972286,0.601503947720669,-0.543509989617547,-1.3221339086541,0.285339417811373,-0.0210078804132108,0.171267362064343,0.986149627296232,-0.92906866274634,-2.16649813423346,0.474549638132161,0.0978293410213697,-0.548048378000115,0.134958941604188,-0.978266379282817,-2.03104320065101,-1.79932393970884,0.309972718410119,1.17360665262561,-0.562318339893945
0.770666275862418,1.69868376675761,0.229884937523722,-0.752114705141846,-1.1106252195438,-0.570247669061898,0.776410894030769,0.213610865081719,1.00091182613538,0.604749339042985,0.0849668768496601,0.315737533435247,2.00833571353539,1.51273745276196,-0.0473052285193585,1.08196922461129,0.504583396517801,1.12431991783264,0.831760861899212,-0.89854975059916
2.26280265141097,0.241105762321378,0.421072021046744,0.343327282497017,0.642700722735048,0.508171072951985,0.850118979605026,-0.674544986290478,-0.481482427704033,-1.90185983464409,-0.696197484786376,0.25652758389749,1.12973748789081,0.463334515018589,-0.514926482391647,-1.30403472674726,-2.82616085003824,1.25055722995768,-0.482733144510711,-0.360611208903414
-0.98755596010752,-0.346841707427825,-0.0638861572315701,-0.0020993209846756,-1.83135407409278,-0.492372022326955,-0.765933893093213,-0.280013496412117,2.13153437539823,-0.617038603919607,1.43746363988536,0.852534965161758,0.612505746794958,-0.0325288415884098,0.723907851333302,-0.374765766866233,-0.652871622735564,-0.480250093608765,0.064797828779051,-0.382570533564742
0.209227076634211,-1.27442521807428,1.4017473083317,-0.01022022736929,-1.21258831818885,0.911644699566172,-0.161811481480045,-0.15485709172348,0.0478653658354052,0.11348667878593,0.120459976757635,-0.714625116244133,-1.30227401430231,0.273013079149573,-1.50839801560211,1.34395462746415,-0.976829697014676,-0.830950974098521,-1.16677824722276,-1.40063360982957
-0.661836740665475,-1.02553917309118,0.985174390933484,-0.112396993337258,0.233278369410349,0.578468376732592,0.403707496828268,0.679244711916238,-1.29931799498833,-0.708355126964623,0.750074067784701,-2.54913967463346,-1.29047036692913,0.365287220822352,-0.654483173508641,0.89524573544759,0.760378592242361,-1.09926962501415,0.51315292946632,1.28955165296815
-0.389515006806379,-0.340882880985667,0.780373686634809,-0.604801122243157,-0.772206500081608,0.156303039050809,-0.678876346453218,0.591557348899198,-0.909737545200148,1.72476092259267,0.655986320040412,-0.242232000081587,-0.944622704726563,-1.09339315983219,-0.827722600240164,-1.35704928779146,1.2340178266544,0.609686417609867,0.861524568265061,1.56626508379741
-0.262850313063209,1.00907301452244,0.324553576815445,0.765394933756738,-0.3253182754879,0.0119370396832865,-0.0568679188686492,1.60724512110439,0.760040681569222,0.603566347652893,-0.342498655588137,1.14809279518625,0.10468036040528,1.61790393407305,1.97886920438138,-0.546666421982646,-0.279138898041264,-0.595222754424067,-0.23885824665734,-0.433044335284808
0.759466562646688,-0.540907785115168,1.50827062240386,-0.379630375320434,0.345336927530268,-1.10290864888327,2.44219183487106,-0.236536132766512,0.973366656185821,0.131434735722794,-0.410175795953727,-1.27202681528537,0.273054618130146,-0.58722859780839,-0.145695611904407,0.875548961012663,0.0552724205798693,0.395779345235922,-0.0348319781196109,-1.50480527432437
-1.19598594524026,1.34705581962298,1.35283445720815,0.140741338453595,0.215918073926673,2.42636682838369,-0.345532747523304,-0.221591475265557,0.434092906426679,1.27821619543056,1.90819819136614,-0.0793624750535722,0.187429942795822,-1.14932484866896,-0.347167058453301,-1.08019104143495,-0.879667519895186,1.95039895294563,-0.887565396747164,-0.58262479434588
0.859731490555892,-0.976317386861252,0.636801894029881,0.310906161460078,-1.45694096035688,0.454389819264069,0.548677995086928,1.13549905107458,0.671125343451413,0.724753638777977,-1.55862431319773,-0.314537696599997,-0.0255989034888311,-0.360181218207574,-0.079233429909175,-0.353149346523487,0.713196743984509,-0.972542500605156,-0.0597039424790983,0.0355967714996314
-0.0227748653473969,-0.0473169440030431,0.0477824839260599,0.405995046381536,1.57336544116629,-1.08737482492037,1.00594628762895,-0.445720847806339,-0.324479861748443,0.0669594321450509,-1.35506198281289,-0.942927506524545,-0.206864139118142,-0.63241008099918,1.36659605036765,-0.748993257459937,-0.273665060926457,-0.336421507106603,1.0421885706319,-1.51566657074775
1.8122043100411,-1.10609329058012,-2.05188240220374,-2.30596849011364,-0.138445690959322,0.990356334498551,0.112698384929984,0.638960390991298,-0.0389641318458828,0.452650852984004,-1.51205768735631,1.62428715348236,0.411429961841241,-1.35142230894414,-1.89410063222112,0.608222195189071,-0.215735708302742,-0.0155718409210728,1.22464008324128,-0.741417191938387
-1.06244906386053,NA,0.493482844051791,-1.60083491160159,1.65903625229026,1.98263119839421,1.10967966865218,-0.141939329243869,-1.00114096432437,0.861345966219358,-0.0877495100245211,1.40165522700563,0.0873736749133369,1.20539765487883,0.321175446637312,0.466672522236307,0.137664253124619,2.05469273058414,0.0316333577626009,0.350970477110277
-0.131730180724746,NA,1.42720696954183,-0.0144856226625549,0.600182172758877,0.0930562750247117,-0.361786159452289,0.096016143566337,1.77816807965213,-0.933530132021042,0.711146675530975,-1.183757979857,-0.306536938154524,0.10066443254186,0.581815878111885,1.57541841064922,-0.13135005076467,-0.855683766243022,0.810186262914072,-0.288552124471925
-1.53924315006662,-1.14854324486638,1.40563018716455,-1.14571827619124,0.972390218037424,-0.300296122782202,-0.0520633240523357,-0.433455368298224,1.03154451810701,-0.353678854829156,0.0507876388700097,-1.54538870994872,0.291404624096118,0.395337495620465,0.0649114421400709,1.35703444642463,0.00636965016942982,0.397800711295902,1.75499985226762,-1.4621603920575
0.382400153959577,-1.38543986913862,-0.553762166753005,2.0146601142854,-0.124728231967199,-0.0926509689329125,-0.742196383396528,0.0258703916562959,0.390343356588288,-0.260311978713416,-0.24997366459395,-0.474542905865426,0.224745366665522,1.09487807525205,-0.599811268215238,0.881134671856467,0.698193232792246,0.522443923876034,0.872547990476579,-0.0737315885068506
0.0425840208596391,0.663176164280132,-0.0269523074189078,2.21634019849868,1.19152896079307,-0.117538341803317,0.370026401234671,-0.690120581610819,1.02000968505812,-1.5669417976762,-1.52063160814582,1.44412953712677,2.2378339049587,0.332599896331997,-0.0614961972779786,0.61640587564267,-0.695855230993561,0.270066800329097,0.145404547855655,0.714418048046006
NA,-1.60428927264587,NA,-0.247332356327957,0.207207632882647,0.316000355288662,-0.834907874389225,0.436187491947864,2.00229300447751,-1.2912912725248,-0.295843339635363,0.00926380757032727,1.25737116753193,-1.21682085412676,-1.05533941479676,-1.93941411060108,-0.463330948474359,0.698808813889159,0.880346154802758,0.319597719633865
-0.993044189410473,1.01402936805476,2.25696516123989,-0.111060291850044,0.731149740219364,2.13858527286716,0.95767062912529,1.53122006602205,-1.08465358545944,0.450872861429172,0.391491738423676,0.256203950111169,0.718515474225147,0.120535797300298,-1.2428797055684,1.14142642597277,0.272447837328217,-0.911005051066764,0.54989205865939,0.380180060876756
0.107866334784214,1.45315617291149,-0.161473773578848,-0.582659071692854,0.611788785839863,1.90478907482973,-1.3342105595816,0.0828802022554898,0.0152461838796652,1.00069677727393,1.07501609540001,-0.201294324359005,-1.59980314303677,0.670858756538665,-1.0094268287052,-0.987602225619297,1.09954887608032,-0.812027122461768,1.50934058209968,0.423698518705958
-0.0597601052873236,0.291849067215497,1.57484565115092,-1.6709141408441,-1.24495007753073,-0.173828886523411,0.62773233870878,-0.234773769720967,0.913660424918315,-2.79218520098195,-2.33094462186792,-0.875886466861257,2.59633001670356,-0.0357076125314153,-2.17193453736268,-0.284875721478356,0.511081390244614,1.22983395974482,0.261445149026662,-0.408604156972577
-0.535667137127782,0.379770713353156,0.206835974262463,-1.70480209994468,-1.0018289859576,1.62220898646544,0.163725047428932,-1.43270992257463,0.963689923948191,0.77948467461828,-0.261331010574143,0.716556562637111,-3.62318914436044,0.943137941743101,1.1849640815072,-0.900455812548453,0.259116664254795,-0.319457495180113,-0.28740803494621,-0.462436386208935
-1.04111537161503,-0.77430708126608,0.688922588941488,-1.82108979640584,0.812029505446574,-1.66150699032126,-2.00348147505229,-2.1381691892883,1.77692353058255,-0.357070991228734,0.170690101880582,1.40466983336173,1.01889386088784,-1.52721028076181,0.694772204305045,0.143319450041439,-0.390479802206683,0.123114169314665,1.38630786262746,-0.798112684740308
1.17121017623884,-0.382405330234592,-0.660017206707351,-1.27866862841849,-0.270138573797929,-0.193613472820882,-0.433793446899152,0.194689361840846,0.648133154915053,0.156548696281395,-0.448716486957785,-1.25858131717838,1.24363054493895,-0.460690566154817,-0.687484550472108,-0.761089958256752,-1.71590531775285,-0.209151767362184,-0.574934548948966,0.569339412009089
NA,0.45130264301871,0.682226824666647,-0.169928001126256,NA,-0.319461828771506,-0.0955206802824354,-0.929560746836865,0.505697526587454,-0.574662381086502,0.795524546396441,-0.7443650099345,-0.805056165718046,1.74361748425888,0.0385649273010114,0.777210751610816,-1.12139098815266,-0.3586014076148,0.497290928632232,1.52805991797222
0.797775139262063,1.58035494206856,-1.32029431713667,0.239115103310518,0.507940404138429,-1.4154338305964,0.319644960816674,-0.151038326113494,-1.95282066532924,1.33977769310524,-0.689505200185524,-1.22362894804472,0.537053115803033,0.52704794245984,0.746220093283596,-0.161756459994031,-0.0338830731514194,-0.712143715306539,-1.49507585980759,1.04157470738037
-0.65919523254487,-1.12961831178819,-0.0201515566979999,-1.30849165076362,0.196132540180312,0.0456152966537519,0.56626911478292,1.35669420862292,0.713581133686497,0.45960076581533,0.22598197001985,-0.300870110225834,-1.87906537556543,-0.916659672619673,0.227075374280655,-1.42134682157471,0.21992108752276,-0.382171662400625,-1.20643840675707,-0.50758025832887
0.403605381480334,1.1200911735711,-0.211977722842243,1.87894245674015,-0.625256737745853,0.532528289238237,1.85073852562854,-0.547730265324656,0.388992669329826,0.595554777692075,0.0358033199868417,-1.441478809914,-0.939047865477617,0.550493735408778,0.90132400957657,1.00880223653628,1.12346327860734,0.0906482428033479,0.0233546165356236,-1.5564246008314
0.262576861978149,-0.768034849532041,-1.56958257458239,-0.43075886151283,-1.5893933043761,0.663594803231679,2.41886120372926,0.992354628349908,-0.270665969383621,0.231958511064491,1.15344230493137,-0.908998215598451,0.0619451949217893,-2.20561368729629,-1.04704444605269,-0.494213994310776,0.529854208783291,-0.500037651108904,0.40937572116048,0.0103612685668325
-0.395331673769477,2.00051252743378,0.977241211247092,0.022960016060826,-1.05465146033551,0.931104998765174,-1.06931524989703,-1.50678559020913,1.25764144953848,0.123836851213071,1.23628626072948,0.49793780956622,0.735929308739168,-0.422266974905026,-1.06943379232155,0.441693872325986,-0.676245431770043,-0.420727541071898,-0.550811238458362,-0.0335397273093675
0.779161509284451,-0.311028481961025,-0.196438529930309,-0.366840955779435,-0.204363058166621,-1.13945416941939,0.114239296750135,1.70892853935734,0.0134786367374174,-0.194490803446875,-0.371871600208006,0.0617356102050875,0.345265122870507,-0.141483822309223,-0.48899499158909,0.163363894207605,-0.790840537415248,0.521318863755175,0.725043062320403,1.30892965534506
-0.0128313319304922,1.98336122401756,-1.73945108762586,-0.109380265835518,-0.376200781791029,0.303182232623179,-2.31986938934921,0.815601973960476,-0.176091954016655,-2.00553818991324,-0.277006213024703,0.594377129105299,-1.50673376306992,-0.132482794914439,-1.23170778631525,-0.596846846541075,-0.0220633219361653,0.282273508758461,-0.364246656183287,0.360650186830909
-0.901837228788537,-1.33724710912784,0.409174630603987,0.699375225070979,-1.44617874091294,0.732418877787247,0.702493234949607,-1.7489132958751,-0.546694613474554,1.14694213921362,1.1798047249108,0.0836671255013671,0.618160889880769,2.08158077017502,0.512605663039946,-0.996561959203611,1.34197026434032,-0.852275842757292,0.809023681672452,0.618714719283021
-0.724935950725275,-0.440187136147608,1.18940243545019,-0.0215116634049633,0.952165540431844,0.612828025972401,0.825633856843179,-0.830168080972692,-0.157457788322607,0.258671077816643,-0.904916647722236,1.47174931500111,-0.624138538040219,-0.202922350350519,-0.751118276409343,-2.05101828256329,1.71565111327479,-0.216407096610143,-0.287770548552238,-0.123097377226968
1.20693778773078,0.947454127165966,-1.66218065574257,0.646282383768295,0.183663918166902,0.498632495237388,0.957496492480402,-0.978453697157495,-1.47653728653616,0.824241187706686,-0.824781626044864,-0.62734504767071,0.321532387010988,-0.716540674606412,-1.58240193872827,0.258436669631006,-0.804453394222369,0.616522925737595,-0.690955110254037,-0.726002080394664
-0.897629635042515,-1.24423020517245,1.44815044915678,-0.914828050698369,-0.452049940098448,0.181093779857067,0.717064342372447,-0.555639479219448,0.270953886349067,-0.561823184181592,-0.887063743109228,1.4117316482378,2.57315572671924,1.56026452165657,-0.0324274993602616,1.79257354715357,0.306901811113182,-0.378463015226345,0.572875416381418,-0.00653870911053985
-0.0220383448029402,-0.880665641139796,-3.00398133136098,0.168737631332004,1.05814363171762,0.117204879808643,0.965741698900421,2.23696563218934,-0.0296133924907932,0.949303274448949,-1.41214955629448,1.09019357060695,0.180401973978107,-0.251829351792121,-0.153590230419165,0.0679434338766391,-0.33177164460576,0.217336018016991,-0.359170688241785,-1.19334842063707
1.15848995725919,-0.348021459543239,-0.362732313689735,-0.886072858944468,0.341594339760359,1.38623257195204,0.772448282374571,0.754670784449086,-0.14285786504227,-0.728890899548142,0.621402141387795,-0.189661803865357,-0.020518731604467,0.995321848990891,0.0576533367121643,-0.745486476709805,0.827921086030831,0.0686517307267707,-0.876885053985389,-1.03728821042779
0.794071363516275,0.55880020927026,-1.93450402380289,0.0664194868365744,1.14015050494145,-0.147551178340212,-0.0496647646321265,-1.55332640932632,-0.336296840931889,1.54682514424387,-0.614365015629801,-1.38175787694569,0.266383252149744,0.758190479620682,1.20361918021258,-0.29347573990999,0.199506841368209,0.563017926152719,0.464331973658829,-0.584758685683411
-0.83004013387155,-1.19208787548548,0.480309496960978,0.0333049200882621,-0.277381304186045,-0.562595905366761,-0.0925230075289188,1.11718023468097,-1.93460405831274,0.183770760139114,-0.230284537069125,-1.70537568835625,-2.06660438632748,-0.684024875740171,0.184318605255957,0.153162288024451,-0.811817340273986,1.28584322809155,1.32770476157509,0.345067698622136
-0.349497820102451,1.429777742681,0.650557818201693,-0.166134622180727,-0.244313866455544,0.297314289482429,-1.21401132418852,0.537696419228494,-1.23156513405907,0.341059910816381,0.00910828690513533,0.47348798434159,-0.895674431746626,0.214546353643061,2.42215643109998,-0.232969850245384,0.294431125068514,1.52422999762463,0.576825590684751,0.394329542470764
-0.037472842763119,-0.509015155772174,-1.99675020834898,0.0375323947049093,-0.616228650433511,-0.0642699718806714,-0.377724187403213,-0.504380325399018,1.08257545879754,0.165103867179797,1.30085753335709,-1.2659529037094,-0.532044433856477,-0.0707196717673435,-0.396830280316109,0.144989176718543,-1.20507213456883,-0.697515009394914,-1.8264325090274,-0.927581493447105
1.59205673899731,0.592284221892509,0.639747597052489,-1.40608795090741,0.647682427416885,0.235191603743706,0.459945335826965,0.460614128277308,-1.29016906831764,-0.234506572269746,-0.442443423476508,0.129126062338377,-1.01830223006535,1.54122898553612,-0.894163338981432,-1.13884280242118,0.201750638947353,-0.808276832725692,-0.519942037373885,-0.880983483872386
0.565456421555059,1.01468657159733,0.399787697028749,-2.51579662242939,-0.760189352660689,0.445144704784045,-0.238256523196657,2.24090903522937,0.736717859614908,0.397244854333474,-1.03284263203156,-0.0498819521521412,0.325918076607068,0.992078618770208,0.706896958585917,0.992127379857838,-0.972713720420804,1.51097495347552,-1.27393491030783,-0.448060764365516
1.0215838953826,-0.264445066270124,-0.134467798079395,-0.0175811950816178,0.708214061396633,0.69235303733897,-0.67736579461202,-1.42839149714889,-0.970529646149001,0.380435071463575,-0.0171232197273079,-0.167150508467748,-0.796164202238422,0.760101555132202,-0.106924110818553,-1.55828051845707,0.048937288491916,0.815037576861588,-0.0653434509512191,-0.0425789723731248
2.11395745838597,0.0263850471609378,0.222890101472712,-1.84615408102996,-0.558260600300033,0.283299423092412,0.285657790605752,0.654872060961761,0.0782395561037495,0.333898447742881,0.769209349584342,-1.65053025438133,-0.0838955812533737,0.996661026127825,0.55468887019743,-0.603759455926431,-0.678462275135569,-0.849489687643329,-0.226332746482431,1.0820609932253
-0.781925891927926,-0.995613343514519,-0.909904456105329,1.57350898663757,0.146149463545989,-0.478759641235442,-0.0660607603998429,0.525295634108664,-1.50269011590198,1.25403710963723,0.240583178661461,-0.230929190844952,0.527560226134854,0.0826920617723423,-0.518430594981097,-0.293572486703714,-0.917664251476754,0.755214006036187,-0.425497967411722,-0.868404625131638
0.396980187799824,-0.492329683642364,-0.402588905815114,1.96118807167284,-0.349669760863596,1.67144223816489,-1.29001927756649,-0.354147188464262,-1.57031977683438,-0.122716083916079,-1.09002460299066,1.72392387304077,0.529183765252409,0.506957893431761,0.292487138752095,-0.868293912175856,0.101149552473317,1.85574373573507,-0.176323628169072,-1.05457214329868
1.46135203795601,0.849151396085535,-1.13364747061037,0.721204110412416,-0.435758423503919,-0.636572655794126,-0.163321696881388,1.68975269643164,1.20169437736829,0.323271073187499,-0.976902616868502,2.6133238850017,0.990642539252015,-2.37927627336017,0.409283024795817,-0.264447813702802,0.387013620688457,0.419303414676853,-1.10339763064549,1.78832981063383
0.440729770442609,-0.613916890075294,-1.31686434199881,0.442485688226439,0.895774156178645,0.017933879027002,1.46573075027487,0.608376212458093,2.49073039941681,-0.361645540280857,-0.914741874380205,-0.754722003288739,-0.480783693986541,0.34032637208052,-2.33230270247497,1.27768920342873,-0.288098295753146,-0.147970302611867,-0.972847324025556,-0.0263717541495348
-0.0878533095056895,0.00584410579934336,-0.255816861872493,-1.20219423515157,0.246020149098825,0.480794135899578,0.18629419733081,-0.571598686674886,-0.679565463725215,-0.440133695563564,1.3418511392112,-2.10122019196977,0.124785568935891,-0.463459928654011,1.28157381332313,0.0146304107816953,1.43612389408915,-2.02506676286867,0.566080746833496,0.367911657338325
-1.48340496269933,0.642035014003835,1.99343898558887,-0.670108608506418,-0.0493764427319124,-0.896210295137611,1.24959767798654,-2.2471467249307,-2.19954369115441,0.209438379535926,-0.138187421819928,-0.637373743305022,-0.1480052824085,0.634069141043637,-0.15836320066477,-1.00463518905771,-1.0086303373731,0.876270702289747,-0.364597665098918,-1.30965989932337
0.482343731246799,-0.934568848738687,1.05050399843848,0.182076532412864,0.353289799979129,-1.93888823197552,-1.41516016371446,0.881698859441394,-0.590079910139773,-0.814387944143309,-0.104236948382731,1.42261705907767,0.491049491392921,1.27982574993827,-0.257939107943866,0.437423165981672,-1.22621219063649,1.1966942830107,-0.0762303504805295,0.00657315712240806
-0.142702002629664,0.599241780273707,-0.648574515291156,-0.270404466537705,-2.23348057619528,-1.24220757843738,-0.0406755827384098,0.955884303315943,0.359192393183256,-1.26434999695153,-1.45609998315652,0.016929364666953,-1.49971413813793,1.16300804530417,0.319336980035073,-1.51503037655866,-1.047221268142,-0.736379478938218,-0.613048220360136,-1.41431532377766
1.51387284081244,0.856784300447968,-0.0296491141440633,-0.455808277498381,1.11170167306978,0.491946102686516,0.42895250217539,0.0117932692242311,-1.61861837058526,-0.305571743271331,-0.21706248226041,0.824265430083076,0.890941129830666,-0.429192426366048,0.433194283739964,1.49597835173007,-0.540548488166761,1.95074397675144,-0.947864582111666,-0.0280591307264729
0.686136469969757,0.0703079234698564,-1.45146736358064,0.96770355631782,0.0201266717676455,0.627908021487259,1.03770429174058,1.48062487908186,2.02534359924641,-0.237820298955895,0.255280671065078,-1.236111819048,1.21468967415018,-1.08780621798449,-1.54981090024553,0.922675788015793,-0.60296393424795,0.765539121635145,0.568218939209471,-1.55438496657988
-0.525490361527178,-0.738478409558798,0.50938999050597,-0.605749756488021,0.776351683928167,-0.36473515242503,0.598119465967937,-1.26750864943691,0.64151061663258,0.327135656377813,-0.835543768347499,2.62835050846552,0.624837138788609,2.15476205917294,1.42603368023504,-0.229696594879891,-0.461073459215345,-0.304635928243916,-1.72353270842837,-0.607981322048902
NA,-1.02719375029397,0.107312274199904,NA,-0.514048154030975,-1.31940329953972,0.241646133077802,0.148846057149147,-0.41727601416624,1.23148376102952,1.44187125229099,0.407516474305235,-1.64668167735183,-1.00760892061833,0.662571119468143,-0.536267797569189,-0.568358841011959,0.886899234880964,0.67101911175572,1.38977211825778
1.61608327084433,0.895287540432906,0.42645325482574,-0.280849480637645,-1.27961352961623,0.429463880774601,-0.364685610516037,1.97812575520338,-0.493981003297504,0.495330503248805,0.284186788420918,-1.78131705967331,-0.836089240211112,-2.02229953474183,0.344018050762819,0.261834771808402,0.637350470077658,-0.457577123555069,-1.26862933629909,-0.494762626471736
NA,-0.155196672913814,NA,-0.328473557352813,0.866651614145162,1.4659256491904,-0.997094622450327,-0.175494730477322,0.435569483820074,-0.564299403868161,-2.11701354077432,-0.523146204900355,-1.17508278150278,-1.97409821451813,0.971411461310767,1.71063530162711,0.42251375598748,0.683575505649474,0.224979252479207,-0.250407916771802
0.766790947214175,-0.624910627130164,-0.0881017142381832,0.928056691510785,0.143297704035752,-0.702473475812701,-0.937927361992574,-0.112028660104184,1.19267406281564,-1.35540259022087,0.858853397311884,-0.0244361863839471,-1.04010433908134,-0.0540129890807233,-0.134521016289118,-0.87258635353994,-0.645847601176911,-0.988675722253792,-2.28062734957873,-0.0215635139289211
1.25945906050368,0.419038135839539,-0.443713137191544,0.880795522658419,0.221255588045664,-0.421446267809086,-0.587823369422217,1.05971624121178,1.48803475670236,-0.0598567203286181,-0.437485077051635,0.390086559558122,-0.706168470716817,0.568037426997384,1.80644403632015,-0.342680424749036,-0.0818992591188278,2.25730465604823,-0.582272075150746,-0.031763220040302
-0.896993425966366,NA,0.573235656617095,-1.15876251324031,NA,1.80011861720203,-0.408164807412464,-0.627112720518227,-0.71666991098855,1.06666067463398,0.887939215969994,-1.41940649059347,1.06685229287094,1.23991001945083,0.364113842209785,-2.11052551511575,0.685964961671649,-1.3574298442985,0.530726955680019,0.841469156063322
-0.0447574202017904,0.00206996256565806,0.225930106143403,-0.564189856692194,-0.687922995406938,0.51640474292516,0.216362423665945,-0.102141530332437,0.869186813089778,-1.18340141754588,-0.771133535535701,1.24263443827977,-1.39816924518593,-1.44511715768861,0.643627692671279,0.197338377359931,0.0564304324484738,0.00716384707650162,0.137763389027009,-0.00425831739131096
1.13508223411364,NA,1.21006996780578,0.753283692344278,-0.782858184555948,-1.25520904565173,-0.360861249265413,-1.46710031562222,-0.641047913174222,-0.452072589895525,-0.310507402853354,-0.269043590060093,-1.21109313370677,0.201027906348154,1.00631674065423,-0.323890565573889,0.702786608930704,2.6813897615854,-0.276689584309836,0.613654066275662
-0.830651485783368,-1.66232334966918,0.0407133284287467,0.537189352244777,0.715647892370962,0.957891161884763,-2.28187222640954,-0.94712430084385,0.170768904384426,1.35342173965192,0.727900718646152,1.7435893236169,-0.371849918799084,0.371498221869285,-0.844530019184413,-0.312062436948599,-0.816563127583108,-0.646056819023817,-0.233304831322361,0.0783352243345121
-1.78100794326768,-1.67117986078553,1.11269870829776,-0.0190991408705021,1.44156106602305,0.475791641123868,-0.13918784602224,0.0128294455878065,-0.544501677197356,0.313038112690613,-0.0614623462246595,0.529433493477169,-0.234410513256693,0.78791623190904,0.99014672121731,0.255916618327896,-1.41938082532241,0.107134872480813,-2.11517840815427,-1.37942157294132
-0.819745522615643,-0.314204107912104,-2.3602667340603,-2.31373152312648,-0.705747108397041,0.722601715343632,-1.37306485506848,-0.095839619259092,1.44112878562925,-1.10815657976227,-0.438833530381534,-1.0512356603705,0.820975509817283,0.428233505268821,0.687175277177203,2.57157107410537,1.52306273148584,0.168566876842696,-0.411095717426267,-1.62162584025862
-0.853244223569949,-0.275001302082591,-0.435775570324763,0.416890248449097,-1.37001295594996,0.150004016563959,0.087406635457909,0.270166542768757,-0.527704411779189,-0.431027490447785,-1.10863347203387,-0.314109726738995,-0.663762779180241,0.644808664656546,-1.191373382359,0.541297455754352,1.62164877689517,-1.80116278833523,0.330979995837082,0.625889148695822
-0.26628229096432,1.69838612764151,0.0858603446061599,2.01417410385423,1.32517623069208,-1.59582802241259,0.136322340511505,0.755002389374272,-0.159293860311572,-0.197720557130259,1.35387167202947,-0.72443939469533,0.102229725666333,0.187920753251524,-0.50802509886728,-0.0609909185396451,0.726221558613368,0.531660876676879,-0.702221689980094,-1.01627018849862
0.815314648201088,1.32375106658097,0.343023886028027,-0.332136846709762,0.24897499114777,0.561542532030419,0.127880488562223,1.89897375314069,-1.18051137197934,-1.16350561365498,-0.892788465020163,-0.604165135094441,-2.09421740780679,-0.765355438297776,-0.827518840441605,0.0376522105120687,0.368998878595279,-1.14139308123089,1.00655008476351,1.89009602709119
-0.832292268356129,-0.145374888285305,0.712243082288487,-0.272880983736998,-0.714930549992939,-1.48326188576385,0.139552328070021,-0.256783511500014,1.34109190967664,-0.068389290815383,-0.0149013895689143,-1.06523904913672,-0.221238462710277,-0.574179469392201,-0.544398303027419,-1.0001172073027,0.489527898665374,-0.0436221623324844,-0.0938576380055471,-1.62619231874835
0.26205993234203,0.642922828874829,-1.71613249296575,-0.841053268959969,0.369729774729319,0.99730624742761,-0.0279560096814003,-1.7224887850337,-0.679876460571989,-1.07665640274158,0.562694963888596,-0.703164493590102,-0.563895611209432,1.05430872319265,1.34512496638591,-0.189027903120758,0.401933937089363,-1.86282075066402,0.0134485051799585,1.15242210812196
1.4394605643218,0.197944313654797,-0.0516270815698019,-1.20320801480506,-1.0637620128867,0.555637065473425,-0.129139359920049,0.180551447766123,0.016838894185147,0.498562509074423,-0.840531186458021,-0.493331371814383,2.04927173274806,-0.702704911798495,-0.0261346424152078,-0.497096919303169,0.363513953107115,1.01032416273497,-0.338067328722807,-0.355796656660854
0.658663456632626,0.963454360948325,-0.39449441980394,0.0401228041089193,0.39883738361873,0.288221969068061,0.471673682792924,-1.78009212381509,0.0202875870386004,0.0459278405349862,-0.684902912005047,1.85319586363391,0.0406579640746447,1.79216336342405,-0.825713972370167,-1.14720076748097,0.351416453369479,-1.40986612615035,0.119686855685074,0.0462003456684938
-0.738382919315479,-0.614993559341677,-0.620464968391399,1.23351212436693,0.243541098144952,-0.85371978637995,-0.262853432673244,-0.821536967198563,-0.235890049130363,0.709927612857156,0.19642700558355,2.12785045329685,0.529016929882395,-0.816513283389831,1.06518151919934,1.17222099981794,1.01289958214381,-1.10630911274219,0.0125068753484652,1.20742964127228
0.342888491234797,0.114357653633027,-1.91029376519465,-0.776810986471975,0.401106318237586,1.26541870152007,1.11902598719688,0.29788991887362,-1.00511610248865,1.64037696452334,0.299347389354774,-1.02095073422778,-0.0981908684688358,0.760543413998565,-0.166616640195558,0.846002871920653,1.05489225285135,0.499353939775591,-0.751206781047454,0.223308460490626
-0.00783988030964433,1.09115318533259,-0.66422944346306,1.47178582892143,0.457127747386942,0.695585856839078,-1.11435326865442,1.24913079625118,0.759429821720962,1.10874046885322,-0.312660122692921,-0.301816961837589,2.18301539452042,-0.831257204326427,-0.17114065121541,0.896990716647053,0.224889200118653,0.851775916431596,-0.494727764203894,0.319037001513094
1.60982420818597,-0.740463394068516,-0.50161469651739,1.49443268796991,1.16509757305171,-2.60593662794843,0.29266075431086,0.542251344186237,0.353543746787316,-0.939608288969134,0.202111463525138,-0.339187014715339,0.328234521201313,-0.232833116306123,-0.612119468651621,0.388017348519895,0.779470174923884,0.307668940262692,-0.738520944106614,0.298698078696544
-1.97173985873083,0.787576466757317,-0.267201548223863,1.21905386600803,0.10973155379796,-0.918537647628933,-0.0296586947326941,0.760483709403971,-0.163593823490601,-0.275172186157568,0.8276604372235,0.195774154080587,0.0787867065548833,1.23035505704574,1.38087989354535,0.572464411666594,-0.334760856095975,1.59573424869771,1.28961539933115,0.806750962828937
-1.44772856816065,0.488299294648631,-0.916548086502963,0.173511922507947,-1.23517885777324,-0.503315623505912,-0.179589307573394,-1.62271430530078,0.184759530326266,-0.572253323591701,-1.42692876086057,-1.12403259748912,0.484218780918643,1.12431460394644,-0.167099590317056,0.164861166084856,0.35100779571671,0.598445218806041,1.19070527213927,-1.5580172845487
0.833890179575096,0.684629829099452,-0.494740227644726,1.04470297329505,-0.744534668871227,-0.695772269775267,0.38401746270635,1.49007642274221,-0.217599267360997,-0.675089528893568,1.20929454309845,-1.57288321168101,1.76718941685607,-1.01972194841792,0.710462877263714,1.00184523687006,0.678621563139597,0.494614216173066,-0.159574210300118,-1.82598045298318
-0.143112790388729,-0.440286143136225,0.853638861367432,0.533510094650314,-0.547569961361743,-1.23312490659021,0.640956708538226,-0.836905954087866,-0.0906355788206862,1.41546194634253,0.586435161789943,-0.876852212302462,0.245375302207888,-1.08834996417298,1.43428801743501,-0.602440564265328,0.158469042362817,0.406555829856317,0.265746310373142,-1.87069515783589
-0.961818357689192,0.581674723624731,0.176663892561491,-0.388371207652368,-1.26774635978589,-0.0352859405601649,0.751712179396834,-2.1050775182833,-0.332006587870055,2.08870215852074,0.616792943539518,0.10208176677226,-0.584095665455999,-0.581248611286693,0.172152392684932,1.69515341205254,0.384321781594796,-0.884226557477918,1.33693125224717,-0.21697652271426
0.374961173605202,-0.0468144427390026,-1.85263606406778,0.613854685027526,0.722081302139036,1.06614219936621,1.87223093574111,-1.13708364335065,0.580624054163154,0.243713456356728,-0.474925767836398,0.239355508218563,0.652736459226881,-1.12160260338992,0.501663549661327,-0.825694523329215,-0.733123909230726,-1.78681297489575,-0.313216635639176,-0.127952987029646
0.147919959780082,0.330423710079662,0.119312507596639,-0.0907767623028431,1.31489100517873,-0.25403282785345,-0.212162933954541,-0.260437281696261,1.04467734936636,-0.0772076203280695,-0.834826732201344,-0.416841720788653,1.6367216856948,-0.336325374829219,0.68528606467777,-0.202956727470456,-0.383159306029799,-0.293229805236201,-1.42540782151353,-0.282581579998968
-1.20794333357644,1.20506752118582,-0.0332548410908124,1.006765001144,0.872483621553115,-0.0212272299927832,-0.333846390643808,1.16366760720993,1.17023422046899,-2.05418140512478,-1.51870271817091,-0.887346154105834,-0.776633904708364,-1.14896472603229,0.281919332849613,-0.239457544918691,1.18315588650166,1.47154081338438,-0.213561791672976,1.64590200699903
0.402022028827179,-0.161880563138002,-0.783597673411593,1.4091477530203,0.758879371296719,2.49647792200174,-0.891232273548116,-1.46465169638327,1.35233516132249,0.110062447937691,1.35630988083869,1.70593091335041,-1.44362172056835,-0.893067660896654,-1.61177401988091,-0.0754446428444373,-0.827476488104033,-1.67327084965747,-0.109198702579754,1.10903649333886
0.624860050871983,-0.650854238887949,0.0801869419381269,-0.481707844978834,1.59238850244231,-0.545233223046699,-0.139999997053731,-0.302910544335108,-1.18894597758827,0.136217326051012,0.821395642484555,-0.478833451070018,-1.72202279948731,-0.24426492345407,-0.641432638991969,0.127500865164758,0.858947177645895,-0.432596900349454,-0.364611307088416,-0.12643853490157
0.648841834099489,-0.289708598267136,-0.967751110386328,-0.403450339157766,0.254378369364084,-0.407818143241065,-0.479031252425962,0.850061628535796,0.208223095004626,0.067876539378091,0.0560286218677226,-0.833453871602867,-1.21748241384577,0.407645937007755,-0.251595843740549,-1.91849248591048,-0.473834667265287,-1.10428610104772,0.858794524171058,0.597242911684171
-0.836007219784773,-1.31362561494079,-0.746472509278773,1.46504812980565,-0.753788631712418,-1.69575322748429,1.08415600300584,-0.531681946624851,-0.438436788560805,-1.17862035216767,0.529911372091407,0.259882844022782,-0.621447928036861,-1.22937171181197,-1.82258558745833,0.643212304249019,2.49008278983033,0.671934489692747,0.399218170491248,-0.026238733769281
0.383227200641687,-0.982570332908819,1.17010516925512,0.21142223266854,-1.16014333311958,0.458747697140253,0.819864006088269,0.856614230944766,-0.299008942131164,-0.304352235640236,-1.30734900701847,1.21151567400545,0.141869314976294,1.53085862092891,-0.189390970480326,1.78664299924546,-1.92722869044857,0.43110609538112,-1.02222078500127,-0.778154531224265
1.03220588840236,0.65320506501472,-2.06678266688481,0.0591306889091417,0.0406771043009585,0.180695251749196,0.873946184815051,-2.70169166062107,-0.499700396284011,0.0767985942289829,-0.151418109104104,-1.23769595650306,0.748062183733272,0.50563052424125,-1.00629552098157,0.0749165585601821,0.948749944453594,0.274114882977663,0.705286068489978,0.027241288827237
1.73020681256787,0.077467917816277,-0.297762575101624,0.590958559731635,0.0369963716688599,-1.24649866371028,-0.699512742431151,1.37945634744686,1.31435967101367,0.47248732179778,1.01900786742454,1.33472605521058,-0.512717784398363,0.148675579838927,0.290605333399007,-0.751659520347451,0.340019136751302,-0.876066440508879,-0.106843776996532,-0.441713843428458
-0.527307924148431,0.999710568945442,-1.4782920270242,1.97254082807919,-0.272349276734333,-0.555174330957716,1.13891971301731,0.409372687580623,2.26138927772289,-0.372043009916711,-0.0362997169492465,-1.49390119251248,-0.24738816496071,-0.85713630692935,-0.623001151619215,-1.78504957121606,1.61180585528371,-1.31778022724876,-2.69570695639227,-1.10057062428237
-0.119904904025492,-0.842098744425001,-1.6533978111731,-0.953562583419815,0.412902019479786,-0.801978234990004,0.867642561027791,1.45031321260593,-2.29997524804043,0.670946539785869,-1.92417662171308,0.580709211713487,1.10396926103014,0.293614724738697,-1.31488012374133,-0.825331850233415,-0.134481213307103,0.0865774528883598,-0.298175575707686,-0.160901665643738
0.238457929617337,0.57440271857876,1.41978153477226,0.323458886555223,-0.520997951891933,0.613545298334631,0.798943043301315,0.0191148234490146,0.0195172171558208,0.0945513646545403,-0.12570027328476,0.0923631786519099,-0.868823820312013,-1.05335654323123,-0.580670591115875,0.734500726004827,0.177530158040474,1.02817080454246,-0.0265466322513072,-1.06802371139802
1.19501320125167,0.0223026617409571,-0.0232923779445064,-1.34650523488489,-0.391076499894152,0.631837922580199,0.922466634308547,0.831460374089199,0.281808460332013,0.922650181504819,3.05516373204951,-0.534987449132363,-0.646204301753699,1.48804407233466,0.245273214972745,0.336554590642551,0.369405592398616,-0.635823457317633,-1.21967383892597,-0.814703451222177
1.33253677920461,-1.51733371865709,-0.268164957917354,0.091502447045328,-0.287902729541319,1.18465432617012,-0.220987215595248,1.73543995849135,0.864337467586734,0.789996670718608,0.643405903106047,-1.07828080357477,-0.346382225122642,0.437046355499621,0.503322895074002,1.26632203041915,-0.516242714236708,-0.761330129747778,0.96560003478497,-0.721772778739468
-0.292929693973111,1.44463341724565,-0.463310459865446,1.60504698957232,0.244547938934516,-0.720972316052006,-1.55945133437266,-0.243452184748872,-0.192116088114045,0.692080369838225,-0.166434277836783,-0.59018270680966,1.23012697706245,-0.127745334682876,-0.320801027842009,0.666898699967974,-0.571095628147402,0.646733981984418,-0.436772821919892,-0.147341498526549
0.462079216313992,0.194177517841962,-0.921852336549552,-0.92174137764191,0.462069826797996,-1.22985369298956,-0.694559425682705,1.33953147047695,1.97834630694421,-1.83153761708195,1.57080578727301,-0.369189019076772,0.138084417083549,-0.0163304040554575,1.33598491541038,-1.51538679636778,0.374896202054998,-0.956938357095106,0.730932819244876,1.61841402273688
-1.54844935620057,-0.430008764223289,-1.33611689820795,-0.827014730463461,-0.873743857426069,1.39010726360104,-0.162769861627872,-0.805335451228961,-0.971489121503101,-0.023914375412697,-0.0669794023692429,1.18632364644221,0.653106199972217,-1.33471655147776,-0.373539919206374,1.16236229474638,-0.702350107001512,1.72250401521661,-0.938145141461444,0.648231037484621
-1.77427694371331,-0.538129513891478,-0.227145859644463,0.402882913454292,0.730045312825823,2.02068618285719,0.395301158880271,-0.645397001393613,1.40168675883234,-1.14061868324229,0.609890114227243,1.63033751756005,1.19422637495901,0.780650823209466,-2.22172894913444,0.123244384909905,-0.610343801809733,1.34353131934605,0.65576992396271,0.22355023988909
-0.207138261409226,-0.77780218115978,-1.12270281553544,-1.09733282508245,-1.49508272233506,1.03570462480687,-0.169884989350343,0.216672060179064,1.24230597436299,-1.38569869721578,-0.997389450344291,0.0969648084625678,-1.67099004796545,-0.481627286409593,-0.669452284715572,0.421812224844937,-0.507083275664004,1.99608111966986,1.0980356619327,-0.777620799831481
0.43564689965554,0.611030216146315,-0.952258552641241,1.01556356913803,-1.15686546507854,-0.0537932963619001,-0.153512370040014,-1.6164973743356,-0.00013782927219288,1.5417331259566,0.151741151782083,-0.477606966658277,0.531738269273793,-0.0299850158904396,-0.146472006888215,-0.466404027433556,1.37317385468166,0.55518661865767,-0.42217481693605,-0.0201500394803128
1.84706645269069,0.109237670506091,-0.41360793538445,-0.329586545796539,-1.68446912831345,-0.209736531275833,0.368693085858474,0.755435339650478,0.770207299797739,-0.577336108721884,-0.192716073058725,1.10932009306521,-0.0887497846847639,-0.645734551113212,1.21828431092056,0.996723852388527,-0.0300099128365442,-0.494954192601783,-1.90538447724527,0.677557402875369
0.0606693240843215,-0.204131104697498,-0.303026482896019,-0.0790021813741375,-1.85070335507064,0.439478527674329,-0.394881401467613,-1.48836641186711,0.980893957274553,-0.760290234476148,0.859014771633907,-1.0496391515684,0.887895516609357,1.8632817629168,-1.52554820968748,-0.179808197074603,0.850396062242472,0.547300648247127,0.0725927511553424,0.742803486647963
-1.26700562460015,1.56370280273244,-0.307793465932869,0.320658543247475,-0.783134733593493,-0.926523479855202,0.25411837952916,0.468476546085058,1.02166098521115,0.821823717349329,-0.0365045216152124,-0.385328597742624,0.863725326440271,-0.667878056875491,0.881567185485154,0.598747189457571,1.13205769932299,0.689054736715157,-1.23932437806654,-0.903189583259893
-1.61599571605272,-0.383019879599402,0.731866453201809,-0.650151642371227,-0.785468610419246,2.01014876225413,0.155812970029549,-0.878240725473012,-1.8822108788263,0.568509319995235,0.783243075433857,-0.313344813119161,-1.01751607851898,-0.160254434999974,-1.01009020599534,-0.982955403535223,-0.15201445607251,-0.95256714348318,0.353144797251886,0.695846306707043
0.801157926030164,0.074751362703065,0.959668778435635,0.275373758476897,0.155101946892108,0.247670190661851,-0.259753396088866,-0.356864007464968,-0.198121879707793,-1.32111709218179,0.595869142264954,-0.813913454306382,0.720729960910113,-0.0206999617658283,0.0143040311130014,0.253936130325314,0.770478697466725,-1.30180117195515,-0.30218241110499,0.829160025746357
-0.554740210502002,-2.13609735822107,0.538690451330293,-0.650195261006715,1.46442125464211,-0.202444846626451,-0.469591415150342,0.149542076891698,1.11755635851184,-0.728989203402397,0.958893919801201,1.28255291278641,1.14341231477086,1.72351271757953,1.54808680939736,1.60717207656841,1.52305891011551,0.196001369922868,-0.269079609708896,-2.18662595079998
0.382618795957012,0.28597988504188,-0.580693911169639,0.859905197880156,-1.58962299785989,0.861443279063682,0.141804288074461,2.05269299952196,1.55682235275167,1.22503007341417,0.991100115253713,0.705490080165583,-1.06471982132159,-0.365530153796843,1.83653716024819,-1.23191754650781,-0.47325057007364,-1.40057103294734,1.26607325985674,-0.603337270219478
0.5693983321223,-0.140780816998013,1.41161517334695,-1.18644575161357,-0.379965391970855,-0.143860343398651,0.888303053054648,0.0604053280280564,-1.19737513690922,0.348422639531836,1.03170254043832,0.581553804901811,0.772244425720403,-1.77723227015379,-0.64444568835859,0.574370391347602,-0.136155594054523,0.510489442291716,-1.10619838709965,0.0141229201589452
-0.534736248629401,-0.326291340712002,-0.105060173265624,-0.362382104726093,-0.13822891055246,-1.58926178396635,1.08323166227565,1.1176040986053,-0.743752602018029,-1.65953008851429,0.836492313401416,-0.396577813189867,0.0210518601572562,-0.090569798749975,0.656347800533098,0.454848497700365,-0.598433146059786,-1.11454171871675,-1.6782171322761,0.55936049277278
1.29744551472509,-0.27413323858414,-0.274502686076807,1.81989099048391,0.235402467033725,2.20009300195236,0.0127152688311964,1.06809239693035,-1.84518447966187,-0.00719256546952519,-1.50036664143577,0.82986909405536,-1.12815370382091,0.148064543025751,-0.456430015204152,-1.19906499984614,-1.66816168750834,-0.412217208403225,1.84712528789477,-0.205631257588732
0.135862276260746,0.443563082769552,0.500372565456731,-0.694038000236937,1.65035264520206,1.84600567831859,0.773551545397908,0.131305562120467,-0.39777720547289,-0.792071763433315,1.65499280751808,1.25666431449781,0.0894280153253655,-1.48284930308385,-2.57657108152409,-0.991136877588879,-0.211887805295254,1.38862087473591,-0.491511919194478,0.580433140784333
0.389214899585507,-0.492106233157544,0.353160893751162,1.74027379393488,-0.624293269146172,0.140415751656368,-1.53152200456698,1.09923950659573,-0.58775253994303,0.621741854556786,-1.63912132900116,1.78295417457668,-0.272157415637483,0.409952312112433,-0.0234159321811214,-0.296332600849877,1.6369905980485,-1.54922295118929,0.405209501991448,0.998499469530615
0.485433206935096,0.0367381930848413,1.12416724998713,-0.298807026668901,-0.176666594003901,-0.494526454496698,-1.70173442874196,-1.52978221773997,-1.10954627345151,1.10832231095298,1.21068770983859,1.55417422301619,-1.45311295775803,-1.7398660713909,-0.695247270671173,-0.0640816926596131,0.625854507313626,1.31679439264636,0.189000935866196,1.69164989432121
0.136298647442705,-0.820232750844255,-0.00110543359015346,-0.264383610493131,1.90963312789773,1.35106992010447,-0.362095054425728,0.370376726627756,-0.0217224483492836,0.911290850823853,1.22258353530354,0.627485298961212,0.988175763205865,0.630131954596522,1.18387054339562,0.755378275544478,0.128931793854013,-0.558562575731912,-1.75662929166856,-0.0654043221805799
0.339247419428715,-1.65307939285738,1.14149119431261,1.19874471880263,-0.54069718836539,1.28640395772294,-0.4094024323275,-1.83412055807609,-1.48895795026449,0.451773202710647,0.069654208216569,0.940099412704256,0.0285383688589247,0.237232039915722,2.1333351125675,1.62109598984668,-0.455796003870921,0.393631772570453,0.309566888886406,0.72383522582224
1.31123609908569,-1.7633415650338,0.501172029294897,-0.341783961040265,-0.127101042057406,0.853294657877478,0.685508877811555,0.285061003800881,-1.7293828464796,1.28901442353143,1.48389953608511,0.150311299441472,0.12716931055075,1.7710103551751,0.957032960881052,0.194952498640362,-0.315307411111654,-0.174874063143701,0.992353500221782,1.00243584303282
0.874106725599674,1.10041930239956,-0.880942841637722,-0.488908846302266,1.03338006982311,-2.56887707061131,1.44422818006574,0.591117570776067,0.0239076965259385,0.0274018950453948,-0.714507846360318,-0.170733207965906,0.97938303505685,1.52678059072134,2.66103310202649,-0.313825312236057,-0.531388734401206,-0.245411729261686,-1.11332061022838,-0.128873642275275
-1.81202297580142,0.761634309460289,-0.0790311296941799,-0.337158412083138,1.44923060857878,-0.220964954760357,0.441506707616002,-0.826298853363733,-0.692393310941582,1.52863147543925,-0.613329718377138,-0.525896470167143,-1.59140929827634,1.59954339056277,0.407807012882423,0.462026535667878,0.952169675318118,-1.31067352146694,-0.725925336095054,-0.128993672923378
0.158492267189851,0.612861436381475,0.230809254605899,-0.238490129416073,-0.383865246214209,-0.167594289101082,-0.377268968166088,0.548991185294802,0.929641800552657,1.10846299766286,-0.853546534968993,0.311621497107534,-1.24159013747776,0.470255944839854,1.33811307047596,-0.0572997189915938,0.991368637958738,-1.15063603002257,-0.728500993228334,-0.0601921581998555
0.98208905718438,0.288658699692333,0.772058391409899,1.49920700039724,0.596986733869611,1.13911767704767,-0.208866007829058,-0.307532467799419,-0.712459857750667,0.882140568361184,0.498198275508758,-0.521819674444148,0.239382946034447,0.905863377460987,-0.213502129551669,-0.989794625511871,0.0831100511766102,-1.88174233589205,0.875266486398914,-0.333473790024035
-1.02306796008135,-0.00644848953474087,1.0878014584999,-0.998381261741607,1.60004081032375,0.817934973610069,0.861538626647957,-0.834209129390759,-0.240670477129228,-0.167582868229273,-0.000136406281092899,-0.370287979841637,-0.388340952999641,-0.213566606080992,-0.142105886518761,0.342637874404082,-1.75822952671833,0.754189927360587,1.48816793621484,0.899700895694901
-1.01722636435849,1.21479789378474,0.664208682741245,0.0669439486946852,-1.04772250605364,-0.630017403416612,2.05577048406974,-0.408741329984686,0.580184907343522,-0.0590474599600254,-1.09889422187631,0.381637682778795,1.57825616969704,1.02949338123016,1.6785594063289,0.218170685640076,-0.108969586528228,0.795292055729339,-0.431725021257536,-0.664284971577169
0.592071547512024,-0.225640055991747,-0.386125589826289,-0.430888516606156,0.0471834414641351,-1.44109745696717,1.4519789427519,0.506295106328762,0.0412997816731221,-0.901755059971698,0.103363398727806,0.856669408513168,1.12835938481028,-0.934129783510799,-0.963720070586331,2.30247686502356,1.11362412245518,0.727182988695332,-0.323524797892752,0.886464396588916
1.5561435748698,-0.895698611265668,0.770388652984122,-0.318232749115923,-0.457957560220572,0.706595643577784,1.06000874702358,-0.455882820167094,-0.704732549793416,-1.33467728760625,1.0476599916998,-0.733006723037334,-1.69604122316054,1.50703336498342,-1.11441871356805,0.871750313934463,0.10216123736739,0.275847272508183,-0.424230985448019,0.441209144668467
0.479126308078458,-1.0284203169674,0.326058578527387,1.26179467136267,-0.523783801236703,-0.0628925179640434,-0.504253454229104,1.88724923504782,0.74190641419861,0.214356075529332,-0.454488637496658,0.718459347915016,-0.795233963820899,0.260589176669471,-0.67103702891597,0.436532648990858,0.703755049018739,0.0605234811003079,0.300727977720626,-1.14408039506493
-1.50441825185265,-0.328335385403156,0.206302683532503,-0.112337029026935,-0.749254708147127,-1.38034770669452,-0.283862574649194,-0.767798630209528,0.322996016240568,-0.48715548844351,0.686814578144492,-0.609234982269631,-0.171243556826153,-0.483751391000214,-0.956601105415807,0.584256841771623,-0.862397701705309,-0.422818254793734,0.0333761960512431,-1.20952585865609
-2.67438845215583,-0.0812456412221442,-0.390223234774996,-0.129138854889368,1.03844410788929,-1.43899275488351,0.315724797188863,1.62832404202405,-0.561826505087063,0.30674634590151,0.910462003942226,0.0524807108708784,-0.532007476216512,-0.612439784120724,0.999240942150877,0.684438873457135,-0.867735824371361,-1.18854131406818,-1.12066242428569,1.7372695456286
0.672354602507696,1.22859336373741,-1.12795505753347,-0.576889668324027,1.12930116281447,0.42889108957601,1.0414915301641,-0.431890600183522,-0.478845652306422,-2.15947650186856,-1.06189350479228,0.0324808821092679,0.909271331952352,0.395473355178101,-0.302476112541418,-0.312633381152804,0.168377928027478,0.177034436269037,1.51104135693915,0.234294567778895
-0.0686809490569296,-0.104598840709284,1.9479230569749,0.520229766042775,0.0101257450013771,0.594957421994411,0.294673992905151,-2.09933624338164,0.714201124253708,1.65535773380545,-0.83612364341864,1.29628502060795,-0.103780193217002,0.390552624237099,1.32580080535807,-0.627711648615408,1.16122650351834,-1.22628544106643,-0.715010459050614,-0.517902632903695
0.759980419385482,-0.154899384937304,1.31843860765026,1.48765635603926,-0.220809300581939,-0.669763944046405,-1.54647801531602,-0.425891917169194,-0.55327822146824,0.6182141938478,-1.42555468435314,-0.291976604292335,1.05345850549926,-0.866062106915555,-0.936595675241326,-1.48780214941792,2.57177214140744,-0.648649922888495,-1.1938509902189,-0.715996606730875
0.180024988526912,-1.08430778377213,1.49909033306678,-0.194997616092137,1.47696298940239,-0.714923994627406,0.894050374371797,0.220679113547014,0.110886403683846,-0.72353945342278,1.20534119220238,0.110888831576743,-0.16124214215619,1.1717357268083,0.158094627835933,2.28495960063614,0.910264628628158,-0.063097497273974,1.1492781257029,-0.111943567060995
1.18228040167002,-0.600256678257047,-0.0885152842114576,-1.6130731363107,0.62224205779755,1.92184938608939,-1.02755762154625,-0.516144687768538,-0.99458714232861,-0.152788110903983,0.237727216792377,0.763955567744794,0.668385040392257,-0.842954899630658,0.234756738651698,-0.104054204507191,-1.11400171263722,-0.108192825095287,3.61678166079173,2.27761469233208
-1.35903191133858,-0.612459293171887,0.3953653003436,0.125720332269575,-0.680945138758927,1.90946562249159,-0.59067958050084,-1.14670108384307,1.03030505564683,1.1359570858279,-0.502065660667569,-1.22213713641611,0.909536964252081,-1.81856499466284,-1.2618126099337,0.727545504094594,0.0718116843814088,0.00488488808561536,0.257537871553359,-0.203793309879833
-0.266481061019615,-0.168398703959131,1.12748000020844,0.590672505398233,0.810915584592255,-1.53021402194721,-0.0934260269064023,-0.700045402637207,0.349536256229411,-0.291256150354737,1.22560634504125,0.496428371814501,0.665426658945453,-0.237660478340823,-0.97963720645534,-0.64995033915819,0.110143818542358,0.647973972233385,2.16403021574983,-0.0932760379950669
0.0735767800387439,-1.28154515722595,-0.462911329910565,2.04891413502881,0.713279703581232,0.327325768940636,-1.46479950813161,1.94427930905284,-1.61263534997853,1.76148772915921,-2.03094909347264,1.39078022617519,1.70276838138834,-0.960114132685429,0.248346233759167,0.506618757442558,-0.862596187842108,-1.35029435556005,-1.21122150114133,0.628862017260453
0.869874470902736,2.08127225992531,-0.806588716412298,1.44179059024617,1.48106698657569,0.337390740624755,0.673931662856942,0.931293178413526,2.03821655812329,0.312227022332242,-0.115981660532261,-1.02391952723869,0.458410259127413,1.12124615936035,0.500051149714366,-0.687633466249602,0.00780879319642847,-0.14122164216721,0.42488304761901,-1.58623068277442
0.312550254845884,-1.16964412593943,0.250283568329938,-0.15296674852352,0.269161965310138,0.468158276572798,-0.00160764526665985,0.0543235906813749,0.353926176184119,0.222294865459348,-0.716055023366599,-1.25078110206225,-0.182539355335738,-1.20397687153899,0.0523405203845828,0.698846229726668,0.734275904319844,-0.779348170147171,-0.955541186898538,0.277282408666331
0.954803395260436,1.21423207505994,-1.4633969448616,0.146314944046447,2.17231534920382,1.08672542578909,0.0186783017949725,-1.08108866409501,0.250457308838364,-1.19383158368837,-1.29466393757888,0.635353169308878,0.182217098929687,-0.803951656205768,0.404756878549573,-0.279642985572867,1.75659034894687,-0.0119093965026318,1.39220965829471,-0.850358042512758
1.11836605846493,0.772021814781892,-0.389656945563703,-1.16208788009461,1.88308927983796,-0.705372998201522,-1.11462445957693,-1.04687055289296,1.18691697272284,-0.712005965136631,-0.438277029231943,0.316899982526546,-0.327846013720814,-0.449336842391126,0.718800516441391,0.825414846142353,1.11248174134366,1.0357419063395,0.307346796189017,-1.82690688629625
0.63164233125864,1.1230393759269,-0.587395497190512,0.00789520622526661,-0.12597988708371,-1.86633753349304,-1.32972142270845,-2.33812552302149,0.0949098952274169,-0.0824212488293751,-0.339510239905298,-0.342486928377957,0.448277116418839,-0.708222357629239,1.24312565619412,-1.51707547630713,-0.120061692122337,0.169266088330719,0.640773312743458,-0.667785661494388
0.372773947076318,-0.0258767015672036,-1.11916600771942,-0.796107640344297,-1.34036155784515,0.500051251434371,1.3782638148923,-0.39971608893117,-0.590189256365612,-1.63315995475168,0.997308845967341,2.19671912069027,-1.71274169197878,-1.1991379495122,-0.853827181057861,-0.605179724344596,0.178544245532679,1.71307280245711,1.11509312885954,0.615451180074961
0.221083772986264,1.19330261715153,0.524600636999172,-0.291156457157744,0.322744989263174,-1.06447641972592,-0.28077239357892,-0.485624787123632,-0.708977416180978,0.123701944660294,2.7735701832646,1.72432397268504,0.0448384722692425,0.853675801270805,0.872516123656951,-0.423291123470538,0.620935338240106,-1.42232905063882,-0.990176946026965,0.201196928732264
-0.382932146189823,-0.587291469576853,-0.501283342281277,-0.0344858174122544,-0.592020858136776,-0.251999167393176,1.42636372220233,-0.325121143784292,0.955421731667036,0.185657415721569,0.858267531533979,-0.789044181320052,0.189621277473628,-0.00179208874211879,-0.786859877388652,-0.863690138956389,-1.5390670925181,1.59496289212852,-0.865907047353059,1.43407487052295
-1.27407376861519,0.264686793473897,-0.856801324499901,-0.133570066295524,0.447949694300609,0.0682360205178032,-0.357480135979099,0.973631163390106,-1.88597170818373,0.569346504844423,-1.77337634987938,0.368012924174237,-0.802190213895761,0.742598746374936,-0.0877816145061219,0.206844563804716,-1.06708103017765,-0.555746879820699,0.313713235410393,0.671423724209949
-0.847099368125974,0.125263345954422,-0.273068937556071,-0.806515307958289,-0.390257687512596,-1.55196267276488,0.535548673067476,-0.339341310881437,-1.44962778475746,-0.132216522097409,1.42672893222552,-0.754521065514485,1.39985177810909,-0.459162483841018,0.0235940293361525,0.0568889877600776,1.35272171139444,0.257257101962416,-1.03540557720441,-1.22311657314057
0.34228353677922,-0.298820692687008,1.00035619346387,2.06927702188017,0.577199552170869,-0.106434679186212,0.686640386387076,-0.501147130184508,-0.680078687516723,-0.160297013098067,-2.26736919602129,-0.97474020702881,-0.468863159084369,-1.12463023975259,-1.06783405242922,-0.676648983413649,-1.51580106112681,-0.137249559581529,-0.630548899473864,-0.0256136779494084
-1.59540504250943,0.458260949011859,-2.22774382508086,-1.08709806895997,0.209414610334851,-1.56997307995833,-1.05461064019162,-1.4338495008951,1.71774658939373,-0.0288780052244447,0.882717714801328,-0.0434649438919555,-0.474333051920722,-1.38771557025591,-0.327028313284952,-1.00139285776726,0.985088156696135,1.40992410333588,1.37129998063316,0.801533053126808
0.316180825832997,-1.13759318011643,-0.214199425548888,1.45366994503134,-0.213861364647855,-0.35709407079157,1.00909740120677,-2.52119915977561,1.25099025847446,-0.825009518716946,0.479356009401245,0.275531512544396,0.821566816056871,-0.0388361278402272,-0.713216732101539,1.05794514469546,-2.23700958473738,0.289156418383546,-1.44320415757014,-0.812592274590983
0.302429641460007,-0.263595113015555,0.261525952574297,-0.669510881926226,-1.2305754634007,-0.0495564693248634,0.0255372449908797,-1.19392297742406,-0.540859448021699,-0.134821024611299,0.715306119027955,-0.14941563024278,-0.238602151172115,-1.62785514474528,0.339924989648679,0.604353256263059,2.09170000486215,0.713945014512619,0.715006933595469,0.76086059238329
1.98585147397908,-1.27677858752565,-1.2426645941644,0.904805482833646,-1.0023393466195,2.03036320801292,-0.482718883267214,-0.709469304872276,1.99255368366656,1.28740903072265,2.18298639737523,1.08525481489858,-0.982126988218226,2.13882357149416,-0.303194321488469,0.562555749840754,1.07441620017755,0.113812143587468,0.518800635405061,0.871187785232102
0.0123187696458815,1.43857771342351,1.06223029080285,-1.06080386569543,-1.04715445309849,-0.218221615490793,0.959835590087388,-0.0343015009915233,-0.531045900471614,1.35913741933678,0.602331924952004,-2.14138411916754,0.196259323129165,0.748799232965988,0.190417703934015,0.209811454276351,0.0598886234808164,-1.04957363296643,-0.465982738161472,-0.996634681890716
-0.988962437363156,-0.733413251888858,-1.41149966323982,3.05674555172287,0.581869810137032,-0.206670676315804,-1.1296892899419,-1.84419359839858,0.252310258341829,0.0701001843465291,0.501515299642693,0.384245661900237,0.941282970576461,-0.0778163726762546,0.691524895205108,-0.332382116856394,-0.957858889937951,-0.0705716902171147,0.559863978294483,0.43369771694058
-0.251293134330656,-1.30397081980122,-0.615797998511559,-2.28799437754879,0.79601550952185,-1.51531563324312,-1.17348324193592,0.0901505858294563,-0.66995133920514,1.34990883469496,-0.977429472774791,0.446261025972382,-0.160184121391019,-0.939334879346077,0.488085709994664,-0.41144697717789,0.898954783617466,1.09232639064203,2.06795721433967,1.28550906310197
0.671308789617325,1.54561430791307,0.409206804894405,-0.685365110659883,0.755622418836832,0.293234046745948,1.32573819247141,2.07010992081647,1.22517972526332,-0.177506195299602,-0.159706907915278,0.8498573502249,-0.578685208117189,-0.176122724394041,0.70385467116769,1.14576006593329,0.116498277898664,-2.62490824346604,0.130262202513085,-0.484849146920963
-1.48318120847379,0.984726226000733,-0.0159116665470194,-0.107385137270255,0.462491336226222,-0.642238603067654,-0.113367031733374,3.36962301293644,0.748418846132207,1.38636077448997,-0.181380103570371,-0.692694523880613,0.426615082962998,-1.37214379686909,-2.29714907585847,0.95583940723742,0.61836940971172,0.852514269620398,-0.156708680985386,1.9408167582058
0.265074463674098,0.614647006161191,1.35394094839455,-0.522254098966741,-0.685502638148585,1.23225103011691,1.23435739721052,-1.43493410485719,2.15498000204407,-0.517453599478212,0.865487547397933,0.623262675355052,-0.85443082624199,-0.894486992392283,-2.0737836497076,-0.926903233411281,-1.50544469600313,0.0588535636376202,1.1845235985467,-0.0647008723403413
-1.63357088817324,0.167508382837544,-0.250242708750662,-0.653818754190714,0.686526503471457,0.896419037082009,-0.244811108644968,1.18988437678344,0.0746296620521905,-0.848527963283059,-0.079664870020612,-0.835579245470504,0.38922269942449,-0.434806152221049,-0.00466876490691592,-1.01020343088602,0.9629439768015,-0.0880168449279548,-1.27858087295616,2.45867435025899
1.70326893955054,0.878110553822178,-0.738156540483699,-0.364950508726673,0.320450295910345,-0.687468417057179,0.185211827024474,0.478281552373108,-0.225583174900362,0.1751787163768,0.970598461074779,-0.286716968567434,0.369504711522478,-0.445082604240956,-0.202763008348132,-0.365592079745067,-0.577671558166918,0.272535108163908,0.673041157817652,0.234158243301689
-1.37467076773657,-0.674750270487054,1.87622074384606,-0.432049342049379,1.09259037290672,-2.11270595541282,2.36859116084813,-0.0367856210477362,0.922853997620907,1.45491050083394,-0.573844764781968,0.116806307687103,-0.342252087412537,-0.719206804851538,-1.46792317946111,-0.0262204165965327,0.64025322609479,1.19679338870043,0.0203142454741785,0.24160592512812
-0.957615454061039,0.275204800532829,-1.21570073570356,-0.867820468123195,0.377800375691337,-0.468350015224352,-0.861548066946044,0.0235450840244232,0.136794508985184,-0.371415565502965,-0.433390694087864,0.696892000481233,0.495516855401742,-0.12634488560742,2.71976272190026,0.286121519603814,1.0507377243772,-0.573049162838852,-1.20279665734471,-0.716138831199633
1.72955321862339,0.638130395919221,-0.0236662583701612,0.357185748253444,-1.07214234262585,-0.254196280636787,0.157020747851265,0.157442116821364,-1.46649963451722,0.162041638950554,0.223352717485634,-0.534801934503994,0.157264503197416,-1.38641032678072,-1.22435482693945,0.226977045013639,-0.748990600216299,-0.0236236799313972,0.999634962180907,-0.0983122458613249
-0.675765691149454,-0.266691833392095,1.14300580783344,0.388728174425598,-0.188735824451686,-0.742784943592496,-1.58861524297027,1.27488980129143,-1.63295420304284,-1.21673331137542,-2.13949891481152,-0.257267109499391,-0.225373066169244,-0.43473327407455,-0.0533212103890779,-0.597018172202478,-0.936624375749243,1.8364894611284,-0.518941502538754,0.870102683272898
0.0895041523953983,-0.761491547099119,0.0673031229402619,1.16076350097831,-1.38819512604196,-0.0982556409553106,0.138925624770531,0.305169131172487,-0.224699527436505,0.206835457499112,0.465824636836411,-0.533033647222069,2.29851012253011,0.409111352586251,-0.321374660586505,-0.347472131263158,1.00644018297041,0.120722838931393,2.36323414363981,-0.473480064625956
0.261121212216958,0.431279670671526,-1.75155277554082,-1.75094643108774,0.423445818792574,0.536083971653599,0.200306002006351,-1.12085710254933,-0.170918337469994,-0.242871179430676,-0.873051176560248,0.999386941562936,-1.64556194916197,0.453037395449912,0.21008926669753,0.968850040149607,-1.05411357695966,0.200230401845096,2.27766079131761,0.749928086300352
2.87109905389454,0.346873213269422,0.862908375569898,-1.53149174725043,-1.12199909633017,-0.387418162181273,-1.07973272578842,1.18707666793658,-0.600059134132517,1.22134486210795,1.57088939580079,0.0281945073343417,0.586513866195754,-0.191804484698497,0.364202861840822,0.442480037118464,-0.172451330502833,0.603793236639725,1.8301921176667,0.800870027011583
-0.322023595202175,-0.674285413264663,3.30909173275691,-1.2942961449929,0.429805547062551,-1.97408845409238,-0.165417476752262,1.85197502784296,-0.264718615787702,0.82260413632769,0.107587792932344,-0.36362425057511,-0.134744865355058,-0.617341498625058,-0.616249582302498,-1.10594751010921,1.48383199368893,-0.374413347926117,0.10889575659037,-0.914087793113653
-0.459294993002834,-0.192640404886172,0.483777331448926,-0.961844508198817,-0.193341944907292,-0.832005863657422,-0.925434528185207,-1.15640077420097,0.487621727994223,-0.10901663680277,-0.795053707119912,-0.245686820142222,-1.55409319473406,-0.86901781894126,1.97534039635357,-0.131105664327858,0.68285722241959,0.033334880032402,0.454665077241248,0.751111886979819
0.265834123219586,-1.33655908434388,1.27024076842169,0.942191486591303,0.277458546607917,-1.13478193667682,-1.33056235960441,-0.249048356728615,-1.6497987796689,0.239498732900258,-1.46666708840891,0.00716200102348293,-0.135041948611813,0.80886649468432,-0.682506806876594,0.366019232200125,-1.47610760213478,0.783481392062312,0.045182523585808,0.571468353409261
0.205116440022326,1.41215630766154,-0.0428659804999247,0.162765159543764,-1.72330594097183,-0.849761884675142,-0.941979299532816,0.0496034975993751,0.157721350745682,-0.860892636536225,-0.415110180648295,-0.107278669357627,-1.26450015709094,-0.643077413813616,-0.371481180220971,-1.02470203085759,-0.353206628525054,-0.816144115667182,1.05050383783409,-0.281359738812989
-1.59091824129945,-1.58795527392829,-0.0669940908433429,-0.932932294967726,0.127081152060149,-0.735782423563267,-0.653089330856416,-0.780167926402534,0.5137451132912,0.768308121483499,0.455279474364202,-1.00440776209634,0.728345387841454,0.553191655250338,0.100413065098728,-0.644482250681198,0.660057870756338,0.521641829853546,-3.01036074959969,0.732305830711687
1.42916241928852,-0.893625950589468,0.0877150874376072,-0.277114270094674,-0.591330453427836,-0.801038114272308,0.867298641044993,-0.487655086533458,0.340781841823485,-0.994602646106154,-0.331753994899103,0.651457306711048,0.809507192947593,0.0534422160681007,-1.45711082217753,1.75805543379436,-0.729385075830411,-1.27276516299348,2.49914585282713,-0.455051180185362
0.0894372137816486,-0.853449987079934,0.766260792114342,0.660866711812831,0.750503548502686,0.684015505864171,-2.87691789037747,0.581614975551167,1.61829136922679,0.275801448344101,0.27683591821489,0.681853460842214,0.42293958607323,0.516076250343021,-0.172763138268305,-0.807566669199008,-1.05312441682542,-0.899368473054979,-1.26654670895146,-0.979888213718461
0.609069258695297,-0.457683613425293,-0.445449356867746,1.31539272161765,-0.98787613055426,-0.814266989214962,-1.09268028058959,-1.22049371040787,-0.980699709498463,0.624323401501266,1.04643878955945,-0.854823800591399,0.360423550160604,0.85623790169551,0.356004991482057,-0.862652974941838,-1.55166914443822,0.998359393418413,0.656323702151683,0.652573577842484
-0.971367298227664,0.304385189687801,0.719820374675861,0.419589343080698,-0.606309921489951,1.15179794112294,-1.4558637748979,0.986762054919763,1.14517255396847,1.406748777251,-0.398335965279019,-1.15718074479274,0.946969866423295,-0.602134052499698,0.299436299828884,-0.225172434484671,-0.98333938071322,0.308931306477796,-1.23187162669473,0.667823366087871
-0.513822535668693,1.5501736421852,0.822999998512055,0.703822284099306,1.04054350446837,0.295142821548202,1.74929239738242,0.0784365842009132,0.05002666454309,-0.00187835215954836,0.276970877265549,-1.17160249336509,0.855387166851458,-0.266144745140922,1.64768095934669,-0.11651228525053,0.372116579564855,0.345425441438219,-0.519061193109813,1.07999062581915
1.52976433587604,-0.519242711622803,-1.24672197543749,1.02220182807865,0.0591266127702107,0.0640808173969493,0.0725816661568146,-0.220200861600269,0.66069024217125,-0.999961216884465,-0.927667162390326,0.0703829244884817,-1.52172557706172,-1.50875854739952,1.69244900981791,0.716606515399296,-0.0588581764798167,1.33683019113532,-0.934103388085705,-0.227749326085213
0.798284969125269,-0.271466413770722,-1.42915367236683,-0.110977372416276,-0.645508087216646,0.87083105189797,-0.271466881174225,0.128794206013473,-0.341355847259278,0.268357427946062,-0.23943453849913,0.16744798645585,-2.4402990606268,0.194332103565062,0.669354458495128,-0.106990272239191,0.588125062092406,0.726538869285725,1.46435818171281,0.180429292516113
-0.798863892073397,-0.48427625991556,-0.753854873989227,-1.10886940846339,0.985169728771846,-0.322964850845846,0.67182254817692,-0.9694484832571,-0.250202935744527,-0.871877623076303,0.803775092252495,-0.263004519254264,-0.646159473563271,-1.77740824016738,0.101432410827059,-0.749246867000215,-0.0645809217317973,-0.392906852836643,1.0606854228982,0.631998549658653
1.95874447742203,0.0510797075215367,-0.111872057030927,0.225464267407647,0.409624502004423,1.38851613335542,0.22023192217407,-0.12621546018543,-0.482888051019405,1.00093329923018,-0.554822494828307,-1.47691350114906,-1.01323851248687,-0.500566864344069,-0.0549199409664201,1.1283260812018,-0.683656043066183,1.46474003100086,-1.84681004931501,2.46180284924955
-1.17731709619762,-0.35439935918282,0.177584842483791,-1.90254713565505,-0.0829026677235419,-0.258071760118451,-0.527243571751891,-0.688141281696659,-1.19945572720203,0.476087766277398,-0.410137825104126,-0.964826986150529,-0.64302277422657,-0.502762093192011,0.118455814300352,0.89258588857577,-0.976148233275581,-0.460634349687107,-1.53038628219536,-3.42985593509624
-0.503921356766025,0.580517290229321,-0.493116407417569,-1.13052324282422,1.20816509356471,1.63761695481488,0.152053856805181,0.503584790456743,1.74733901395087,0.723905491724505,1.16456148206524,0.405037137350869,1.2489848316952,0.27547015734509,0.368446809984527,0.683826710685502,-1.45595884719976,-0.605704760217519,1.15193808372609,1.24785480930839
-0.414818265587575,-0.907849385741975,-0.411369117480817,0.116747203893456,-0.332032642147876,2.49919570190738,-1.02960428414061,-0.75513185613919,-2.21900838282835,0.0583786543097585,-1.7009791908511,-0.360244476751302,-0.39657183772408,-0.480969347451767,1.70368172691742,0.754493745359857,1.44630110870537,-0.613596581871616,1.03331532957355,0.444982060009537
-1.38855681578278,0.510372174881332,0.19449389969386,0.570440211567741,2.5539288333586,1.03122150935404,-0.981922127951625,1.15500179466433,-1.24629575332535,-0.654690365526487,0.247185831624027,1.89255287827257,-0.865656125211963,-0.597679920263894,-0.133643474962522,-0.903378932317748,1.25380015451031,-0.811109271685121,-1.24274738735212,-0.488838931078859
0.462205176493838,-0.0735863433169407,-0.333778876460288,0.999993910803487,-0.767096172656789,0.519849975514971,-0.47504162969595,0.762354011438447,1.4548732039084,-0.496204014135851,0.75646034422181,0.358003022356379,-0.92032370270662,0.469546128137059,0.253929554741722,0.172970174490533,-0.0712346644162468,0.363014536988449,-1.24288967978415,-0.409132961814281
-1.84910332455877,-0.588911256112703,-1.11198205110544,0.720366295916135,-0.383525568076638,-0.383895635791164,-0.286049472444116,0.48337875746328,-0.322777340963462,-3.23924881551171,0.858739328336177,0.618253114295242,-0.340442331494737,-0.855278002276814,0.31658916014427,0.139334887579945,-0.342868650297076,0.0520907661027641,-1.02543523746534,-0.229607978421754
0.997342487097654,1.60277040565238,-1.14404123921504,2.27886113278255,1.53642455210185,1.26267990694151,-0.858291391035354,-0.581752160261903,-1.92778544785015,0.406411240188184,-0.394080288137005,-0.146292491130096,-0.905510107488637,0.637231208182561,0.412702540058185,-1.06896906834221,-0.152300436834516,0.552296079518953,1.79933779404347,-0.0770191044898477
-1.76131165038569,-0.0802202264334667,-1.33205815474168,0.756851397034903,-0.781601468796363,-0.743738521617412,-1.62530553952757,2.09065298903845,0.769401519072393,-0.494678237607978,0.150669667931381,1.01500812879945,-0.998817146407521,1.87095942274642,-0.962660463970378,-0.102207471925982,-1.75679088697039,-2.27089954752153,0.800987018367717,-0.0870978595754595
-1.16261378539579,0.0930786328919765,1.46573604461746,-0.770058364794455,-0.358547088728329,-0.339614664939822,0.386719043026396,0.225595278116078,1.07757121346647,0.338661207183468,0.0220537959168288,1.24458191706159,0.788825134529697,-1.63138452761461,2.35213410184228,1.72905957353463,-0.217015927377876,0.47673335691536,1.43085459199528,-0.0843469953962373
0.0683344822828675,2.42963658245216,0.646366390289583,0.545077822267352,0.444985783622921,1.13868728125497,-0.894295011763191,2.21803323848356,-0.0361850927304378,-0.868981632477038,0.246717227259844,0.934588147799582,-0.854465371668061,0.663950599028348,-0.461003369201583,-0.413983750499088,-0.570749828055166,0.751473306778824,-0.948928441931075,0.268233794478444
0.609112595567239,0.561653027973211,0.265672393895192,0.356280627322778,-1.30876009057994,-0.476699562939081,-0.0309474835763007,0.754016865190952,0.141553675619953,1.88241122192196,0.623969955035657,-0.25352179447674,0.381407345923083,1.57915711912633,-1.05732642492612,-0.284930107225459,-0.456103515767187,-0.403146937731481,-1.16568377098273,0.425139254412262
-0.771481200398314,1.28602769440287,1.51669951465415,0.446922181202521,-0.873265746311545,0.197345066996806,-0.111175535505283,0.181708380023442,-0.834483800313265,-1.80495042132365,0.336066056267583,0.0485831499166067,0.118986515510705,0.996361725405911,-1.46535179344404,1.23494061820309,-0.766196275277828,-0.376559017982734,-1.01065791742665,0.052063916165385
-1.18645351684843,-0.378874802360046,-0.290914300021526,-0.0472389639685336,-0.862047194931013,-1.45624018038371,-0.0584549931858485,-0.131397798698969,-0.743437431668472,-0.907733701934612,-0.996000366900983,-0.554274467247533,-0.703213322880336,1.35695655810429,0.496437520430016,-0.880028135351116,-0.361715190767589,-1.19235376605829,1.17231258503809,1.45980440902465
-1.46012133687519,0.47685165014652,-2.19632825236294,0.440018717293045,0.198231338944715,-0.413173095796608,-1.43616900892303,-0.878031480333395,-0.795988804452037,-0.958871625728899,-0.948523208681134,1.12704271212249,0.320216939992652,1.29518839037911,-0.919327673279713,-0.356149226350165,-1.8434620457701,-0.922844153759875,-0.500216909863684,-0.593406304461519
0.859224354246532,0.0669720225037472,0.763597623891424,-1.80146919304568,-0.195295541845644,0.917482136220398,-0.0455599789830288,-0.385777868240851,-0.620302353237982,0.988542357081932,0.381621275670109,0.0294370636261227,0.727768657727408,0.452519917760342,0.0383529079238214,1.50616968232874,-0.109089238249921,0.376904303144829,-0.53645671135345,0.237969024306774
-0.616903611628965,-0.742012514937282,0.302336762045271,-0.955506308319893,-0.986571200696191,-0.225550228762066,-0.226766918671282,2.29470900386669,-0.635088618670059,0.750154964257716,1.06261577115329,-1.00973479858054,0.652351674239076,-0.955122021798196,-2.69436318853383,0.366418878403739,-1.62872635103392,0.719756698484217,-0.779289632678236,1.60853190985545
0.683271370207152,0.464314133771941,-0.035871569794141,-0.170937189345208,-0.729283127293815,-0.673607210054279,0.892626518805603,0.457178722179384,-1.36064452349138,0.414104846026161,0.139485465473436,1.34059029419635,-1.82854382166471,-0.818768799056279,1.04314026665886,-1.03577821306673,2.27920914101921,-0.911332643588521,-0.179981616948982,0.386747606366145
0.642948628701755,-0.552817474956307,-1.43194730328515,0.662519620012439,-1.69946344435227,0.79257471446403,-0.11668090884919,-1.11781485782541,0.351373922348187,-0.168457642943228,-0.0924410679448227,-0.24197402475861,0.572613612541056,1.02151524854579,0.752055986868746,1.10442297249771,-0.125407128147941,1.60639116452488,0.731254111993125,-0.468076345238946
-1.77752110199661,-2.2160914519909,-1.51102016485548,0.0676484382494173,-0.0185919929628281,0.415777283077575,-0.553477749276295,-0.678471041392927,0.619164552291828,0.490342871088275,-0.312493910509057,-0.196227386470169,0.557403847443906,0.601424801750271,-0.888539911213846,-0.627284073242549,-1.31181345494552,-0.518974774543927,0.972477879205134,0.621889551387596
0.678639007658311,1.51699907612835,0.273608365862208,1.35235112603676,-1.51206602151671,0.817478425590072,-0.128093904081458,0.707086443318452,1.01140203389952,-2.53820040295478,-0.269899720720551,-0.611148814349137,0.269075683597037,-1.97097225061477,-1.08069997789437,1.22616760574295,0.153923710791859,-1.06935149354932,-0.438095921230851,1.06071711605198
1.83362608368732,-0.497195027838955,-0.912444969684849,0.280185077247124,1.12104027911804,1.17698222778851,0.23095993994969,-0.93007655785579,-0.441224112016491,-2.18386340863844,-0.968965312597396,-0.336207543128479,0.542091644768394,-0.242373094877502,0.198461733407155,-0.303895662074416,0.669757894889635,-0.911181098133635,0.997692204009629,2.03649849695774
-1.0861584808612,-0.435835880681892,-0.568493634129177,-0.117158521593911,-1.76549574735184,0.275520619157456,0.454791121326739,0.126407593613144,-0.241274514512298,-0.0957055944429951,0.714473782588788,-2.59338259980345,1.83501100508717,0.618851941083047,-0.687599532924109,-0.630854021143243,0.620906009752986,0.152718297643936,-2.12596320272251,2.01347397502489
-1.0749281855598,-1.06921582731817,1.78280655806339,-0.197579647633957,-0.594918135983424,0.6425289864465,-0.0587505879411672,0.758019265910135,-1.75464499875166,0.110498143750223,1.08812227405104,-1.48238813449136,0.327293981259789,1.92494019122328,-0.0500486538917924,0.58150529106917,0.797734682714708,-0.438683460832274,-0.0555120003545239,-1.61801359719603
0.911061137326068,-2.64594958141573,-0.760793519112472,0.873994434842209,-0.0720261411899975,-1.68569700007674,-0.510804049953082,-0.024892194050299,-1.70151289198912,1.92083830594841,0.810712498547703,-0.158722266828798,-0.80644775369145,-0.348605787292723,-0.583901783902848,-0.916071725649571,0.0425538893753611,1.37093517942825,-0.39915256074957,-0.585063832252565
-0.286732028951766,1.38965015705916,-0.73741120314161,0.866860862975328,-0.511809798215673,-1.75299015287593,-1.49857544630879,-0.511052907830315,0.64018345975473,0.857038397791266,-0.241164516888879,0.310338529673388,0.00527103789514327,-0.29712957919775,0.924245696914793,1.26304791170533,0.909614901275478,-0.0392613824555479,0.358603865690038,-2.30204562312029
0.489887584721505,-0.317413863850153,1.60174295356075,0.702722598660775,-0.779836241215723,-1.70355306755011,-0.839957181259519,-2.38912382848267,-0.249987873997833,0.3442090540536,-1.2081437989371,-0.853526770017204,1.48229057796415,0.071652075699963,1.60485797447721,-0.109797405715521,-0.283195204649722,-1.93164246679462,0.520184985034758,0.927758288459838
0.633172747511836,-0.595633621359942,0.822372369081193,0.425205282567626,-0.271141243122082,-0.313800001080915,0.964476326154578,-0.415583926850836,0.367773083407672,0.868375446528556,1.85349885052853,1.50612239620651,1.05391226832394,-1.40883012498411,-0.433607641033076,-0.455797404797135,1.57188242326519,-0.711386100679187,0.546310666961672,0.176484747701142
-1.25350141622284,-1.88427056582066,0.386599875725927,0.948144295890534,0.384329723219513,0.106540950792936,-1.49024616854839,1.06412719721037,0.0200717125054529,1.79398046492154,0.886470533248391,-2.16287615488336,0.908139184370803,-1.29945401098588,-0.504054702044169,-0.158466894084748,-0.175329859662739,0.385497055910371,-0.862710750940911,-1.07507431981282
0.366109008094349,-1.11357278529765,0.349185982437543,0.62174905328629,0.830434317073368,-0.518260795798135,0.0145127514849231,1.20900136094333,-0.689396550070053,0.177008380655012,2.00554903596222,-0.00403651266207831,0.872281665144648,0.26483911196575,1.07644825536151,0.559834299297141,-0.325832307085388,0.0273271956704839,-0.437523378467235,0.484988428884627
-1.47482237498865,0.32235516460204,-0.326821315412882,-0.824816029439923,-1.33565544823565,-0.203293236905998,0.747877065258057,0.471494637515924,-1.1674703531676,-0.125827206074403,0.458202761828136,0.884725465880337,1.43662345446875,0.18029065781541,1.14571475398006,-1.32420195943932,0.402210244624624,1.86003728586781,-0.2505464435791,1.2031416276692
-1.84052803254525,-0.894786620636411,-0.513239161639005,1.47983370134844,0.376963990445156,0.805861992765448,-0.152541221159837,-1.10681590552877,1.05094168406965,-1.12739162721193,-0.35254032188721,0.240974245059892,1.06245028303844,-0.231823396727801,1.5203334215706,-0.347231512836817,0.642620551694122,0.0222793488180288,1.36179328403704,0.176850071587115
-0.284170069927818,-0.439312266016833,0.211745898661641,-0.450080985699973,-1.43105199047787,-0.800438919481413,-1.0018889440139,1.28130489102364,0.882285699295217,0.394153618688047,-0.189930880315752,-0.636581385370772,-0.62841890482088,-0.823121484156554,2.46200944104992,-2.48522229432704,0.691172767477607,-1.01573006131422,-0.199622226435712,-1.03902082882816
-0.292528205731526,-1.08844004278312,-0.0581103626502815,0.129701712721407,1.04661682008199,-0.0283654461235994,0.388315703713524,-0.926626507165247,-0.713017498641351,-0.303495059738666,-0.739201027036356,0.99945799394788,0.342229026155084,0.507854382787574,0.303713174678855,1.78114291552916,-0.341699955562998,-1.93261904882225,0.104021461955447,-0.101622427296091
1.28083313795792,0.0506409412588563,1.37427582348557,0.703501990825734,2.32733197414057,-0.0802355546557605,0.972492078370059,0.949384236465766,-0.491009735613056,-0.338063857391188,-1.5175821172453,-1.70654686523388,0.279658305645689,0.890088297284704,0.89346482188035,0.432314380935054,0.781749743850957,-0.60176595540642,-0.112388458624457,0.813139197857713
-0.348602260179698,0.336668448583031,0.75092089805913,-0.0399791000764534,0.890767788637828,-1.01616419059174,-0.170797177062338,0.0572648910815595,1.91920290386581,-0.407272416911863,-0.183589201045525,0.200561380466748,-1.04001474803347,0.421512467460337,-0.400246167083347,-2.03122819399682,0.0685776812699378,-0.0487208572518965,-1.727702037009,-0.118153040948946
-1.53150029021087,0.657445745538562,1.6478308287512,0.98958269685988,-1.88082679006898,-0.844671571215247,-0.116026748693929,0.544957435052755,-0.0425360637788309,-0.658795927394725,0.539456532663717,1.00640103799375,-0.079204503071683,0.826011093972515,-2.32360995680458,-0.845219603433328,-0.402526346358145,-0.500634380461721,0.492942507267757,1.08936823194209
-0.798847606764178,0.451232006418133,0.489116873416533,-1.15021938230795,1.36159074237115,-1.94697259779759,-0.518988979629084,1.0299904239784,-1.12914122359265,0.184684379277803,-1.35220416330401,-0.250774872675439,-2.16068360905729,-0.745490475125733,-1.2874806587694,-0.3094739594511,-0.496498805121792,-0.685732331016236,0.958057486430048,-0.811261919427607
0.687068216776098,0.664831153562472,0.535674225405548,0.101792682288529,-1.66722296728568,0.120214639086338,1.13248317262305,-0.80210874617964,-1.92515285627989,-1.70613951215492,0.258181916792027,0.215125280621222,1.03938269873638,0.0418222308576244,-1.24488758759368,-0.726214357918275,0.737571963299213,0.12842774773238,0.809973924543281,0.51040648990487
0.091555165080987,0.0824793734868577,-0.809857637586614,-0.655774329088795,-0.496936227864737,0.413704617768085,0.260935212002845,2.26392983830674,1.4406006634773,-0.702949002850258,0.640297052744844,1.17632813741496,-0.0902994788250056,0.159117039948185,0.0163839922328004,0.627375982852787,-0.721156290401435,-0.0568472321418714,0.375154409905463,0.260428185219731
0.231691478500233,2.40681765827703,-0.301999816327169,-0.230718359652025,1.66248449293479,0.0822562312670864,-1.37669868996711,-1.51477632243535,1.29078058366887,0.500773001965962,0.770281933402617,-0.215507286609928,-0.573622521867883,-0.120081889136891,0.391472005759272,-0.7460213730233,0.480182500250992,-1.27166432850682,-0.172614474711921,-0.128390188032672
0.368103829694816,1.16629108820727,1.37504113772388,0.308383229110786,1.73844973069212,-1.11247868101922,-0.624201686064294,-0.558619970041585,0.267843329548102,-1.89867994521414,0.948055557967681,0.923192907357595,-0.359178603802506,1.22255767703428,0.643270628819466,-0.901720629646564,-0.797442015246849,-0.239679870016291,0.11964931397017,0.767787311733905
0.188768836110647,1.64997245105074,-0.88590103277723,0.907498784621846,-1.04470057649943,-0.618243412783953,-0.339945624439376,0.0724884959676897,0.267469205368623,0.801504718529154,0.854943882120099,0.228583002853266,0.475079055896737,1.45282567973994,-0.685160319745979,0.733866504405055,-1.85694563110905,0.510157498074494,-0.376753700479668,0.0904249797321552
0.736884804406443,0.0561577288647225,0.265193835920565,-2.08812785226111,-0.038424087997586,-0.751191752003894,-0.848858199735991,0.979954934337399,-1.03155461909112,-1.25847814661026,-0.386854378430322,0.292538102416129,-0.730925225633172,1.33122526236734,1.70528831374611,-0.789157283793063,-0.326349164876991,-0.790743632364709,-1.52523781500792,0.378628734899988
-1.54813316924413,0.137941498516846,0.866638715023955,-1.29055966698647,0.223301095219616,-1.66669992510737,-0.0289871996049529,-2.141150035979,-0.538008707821511,-0.893016199639493,-0.535146801257058,1.51040248322489,0.652422063330443,-0.430007713768457,-0.923269151306776,-0.0145294146299513,-1.05208170355982,0.991743052016991,1.8118874473724,1.01564395640824
-0.488701890885282,1.19539965812716,0.78321609998467,0.802816186030553,-0.485679616476869,-2.74781248291107,2.04769111897621,-1.57289289688145,0.0338435853259521,2.18763959050797,0.646004193223032,1.12845663018143,-1.62329787254524,-1.54890833633859,-0.567893742516643,0.850849088478858,-0.219085215243512,-0.525814084393196,0.102688555003949,1.03091633214284
0.288456578261633,-0.304718323465557,0.0773693178616499,0.921027468673613,0.549315086637785,0.620507281092225,-0.563662265338389,0.910849898387189,0.733678950390477,0.838837651977398,-0.782209607214678,-0.330209324912673,0.786623406575314,-0.511733890829856,0.0293183186209387,2.01809552013493,1.87049360296768,1.22787239012026,1.09872942611307,-0.943633465061299
1.3882815854264,-1.07528463444385,-0.000446232507136367,-0.296015176079363,0.700726401231919,-0.868372372226296,-0.604123520720139,-0.355196898238987,0.217405079013818,0.528547167853659,-0.384571467765184,0.506214347295006,0.975165860912053,-0.116134010284545,-0.990217344480702,-1.07890055275874,0.510459565851433,-0.488292596021765,-1.55248503281915,0.688570052626831
-1.26805243663603,0.0410831105710791,-1.38571611502352,-2.35929912778402,-0.609839757713492,0.441436102757543,-0.428361169116304,1.20921540655402,0.327490311318095,-1.04825993709144,-0.265880531593945,-1.37766689301885,1.20270871829727,-1.41153893952801,-0.910598942531944,0.0639606817866536,-0.0206154707696874,-1.48398731564246,-1.09041434939488,0.227484660565452
-1.64098647147269,0.987794440393215,0.0170225245774205,-1.47035278593567,-1.80829288768777,1.61086154067995,1.00297828474484,0.363902265566736,-1.45642548990387,-0.049529759319409,-1.03255637622638,-0.672518259722323,-0.287866283111098,-0.760921306868355,-1.32425502009315,0.813859329140109,0.142934444289858,0.81616335693632,0.925794437184438,0.93014745145987
1.25688480741685,0.243484890109661,0.0488824256633951,0.0348632317063468,0.398176833615791,-0.929996626246141,-0.183875227278265,0.346736748405096,-1.30114832535689,0.672547162104075,1.39680347140685,-0.45216583182619,-0.362239094616628,-0.649431724414952,0.664189533050729,-1.30112293340155,-0.0953127778391226,-0.590097671129369,-0.0443244579297295,-1.84524815782415
-0.954366910421504,-1.83871711897482,1.47169137754999,0.673409976268724,-0.931115428113076,-1.24632477053208,0.988656752021769,-1.17729320206568,1.10630942617569,0.455622286340964,0.620703442281987,0.390110243065075,0.276164984412027,0.744806187819516,-0.628314501029321,0.0450901587722772,0.703144883066393,0.661812973763013,-1.08849096326922,-0.412555870003619
1.7719515832998,0.372969683974348,0.635976831921973,1.05037109762304,1.60413656137665,0.50514003367282,0.366446256788187,-0.561238770891238,0.102701408324934,-1.04726702152613,-0.404513095193236,-0.714364245690992,-0.276925194160811,1.27785180631513,3.13578382275309,-0.0504010084077286,-1.22124885535232,1.53380556653456,-0.396062611417046,-0.711627480311416
-0.144710696855535,0.725452576489452,0.910421465284032,-0.877322683474475,3.02597349574485,-0.215432643315884,-1.31089576450584,0.830316455982723,-0.217935641467946,1.87176922269529,1.02111137436708,-0.139845380058443,1.69221837132354,0.818676358025388,-1.21908650734756,1.11264101178769,-0.539456177208961,-0.0646632373793486,-0.0538241049579213,-0.916651953940128
