,feature1,feature2,feature3,feature4,feature5,feature6,feature7,feature8,feature9,feature10,feature11,feature12,feature13,feature14,feature15,feature16,feature17,feature18,feature19,feature20,batch
0,1.3421188664633532,5.601612594421976,2.5363826478217133,3.657018773959519,-1.601571991473055,3.176598701562869,-0.9726551007620938,9.270509402430749,9.780494161130202,-2.4473993238715948,4.887012166746413,0.8223418510197213,2.7622360531706054,8.10155097219535,-8.05033521762568,-8.01126621728434,-8.732112392812171,5.847643170320891,7.909782049523571,6.121081857908123,0
1,-5.107883396193911,-8.479794199264628,3.8344639479986036,-7.25825220917325,-6.655571330423451,-3.268347885743286,5.833517686038469,-8.504845549192073,5.740012550620167,-7.380622138908969,8.825673984647693,-1.2419968157464627,10.023912355014975,1.988948451767272,3.363367952687121,-10.152253653457851,-4.5404179928928015,-8.17105661310409,-3.3267135123040616,-8.389847649905931,3
2,-0.4686701205268766,3.093244333325038,1.2665982669235119,1.9923020346500282,-1.2920824872731735,5.050035671903567,-0.3118100489150344,7.800364838771924,10.538333048109353,-2.1196726107525676,5.129579409145847,1.257873239303191,0.6645645680175629,8.221535665049354,-7.251496140084279,-8.358695492186584,-10.398773438535114,6.188059219523269,6.584925604585682,6.847702291519653,0
3,-3.1880200354172694,-0.4064718267442936,1.8045054403143999,-9.828655342705972,3.437670155747573,3.1886650253002595,-3.8246190963801365,-6.973790831160278,-4.353624425046804,-4.303391649686895,1.0633753734197313,-2.5311898134320074,10.23422741160296,-7.79799746279776,-5.5024329460105745,-4.694632977505037,2.15470052788767,-5.126572157000265,-1.886300287362784,-5.192086676118071,2
4,-0.3302567731888215,5.961918007066578,1.9371034763043082,0.21748545594108648,-0.8605209311899911,2.4571624739445697,-2.5825142461489037,6.488742509844039,9.96702836271072,-2.4907430616307122,5.700799201984853,1.6556422010343514,0.2340654131219022,7.781255012988396,-8.964158645223536,-8.16306241665211,-9.637803502484065,6.365509718568853,5.501508616901361,7.292937688645207,0
5,-4.421156049832809,-0.9900954223510221,-8.053680906406907,2.8115610817894248,1.6790081040265834,-4.440179192620965,2.215879911787259,-8.539590944567454,0.9990726429872717,7.662480983198132,-4.627899421792932,3.7231559608347236,-8.068383890991136,5.4012479403414835,-4.839177202370538,-4.802177084654247,2.1479841541247717,-9.339465449850277,5.4283720215138,-9.576976289950057,4
6,9.825170350074435,5.575156575294574,1.0042458060319701,5.217430330974995,-7.796729930198026,3.5678506047277807,-6.802401508584156,8.748103883786909,-0.31952709387931433,-1.405247142792763,-3.6697913175290675,5.963769012782562,-1.6551768771251512,3.10545393434968,-11.07078188130879,0.7700242997147531,3.202471678905657,2.5645204160978285,8.325463023988444,2.537835254514339,1
7,-2.2847322835912616,-1.0894149310811452,-7.04154831652238,3.5592462563631924,1.1030336690420977,-3.1675637504114746,0.8541559099956104,-9.364134090317547,1.5460288875829016,11.565900123282937,-5.997424403606684,4.670401757474436,-7.872718003796028,4.854982847687429,-3.386661418725542,-7.684604360910933,0.1721345526994147,-10.467714552148301,6.480962251449972,-11.58859162474213,4
8,-4.130367335352312,-0.7602766483414043,4.258827314849006,-8.43179267470124,3.647968271927339,3.2192935095728403,-4.5510495582071915,-7.577372032668637,-4.430602181907152,-2.7845107745164865,0.4534174629130634,-1.6919661540844366,9.590230144995127,-8.338657905685299,-5.62306780529782,-4.8280482509937475,3.633116349154088,-3.861867301916267,-1.1774939802421116,-5.698504448473094,2
9,0.377616141623509,3.1878903414879955,2.821930703077964,1.2539564774102256,-3.295442463898936,3.273364054076892,-0.4337359522582839,7.894385604823224,9.088201539011244,-3.138818111100801,4.3879660620899035,1.3781963443981162,1.0517767771069368,8.278466104309528,-6.846557649123128,-7.572912899109994,-9.224807049912384,6.794458716145996,7.083129879762782,9.119832272352577,0
10,-7.0101539953461804,-7.364469069692531,3.6835601061460976,-8.972582777327876,-6.445136875506465,-3.5345289130328092,6.2746943527654855,-8.59430700533769,6.915967612833884,-9.058491087682894,8.96142205874773,-1.2181356359683215,10.617813134277636,2.464914054181463,5.154160295551699,-9.502562435723611,-4.7285786005653625,-7.035065887238985,-3.2997621157633166,-7.610298835286279,3
11,-8.672950983784641,-8.505824167105974,1.3643628917645902,-6.405823603985127,-5.287185500216685,-3.5011784140012687,7.033845905428129,-8.634429137095758,6.713283867201217,-7.70607629055576,9.085229291228424,-0.20877261839285172,7.849493713339191,2.21438538288889,4.750319565578299,-11.262637291161695,-6.153550941203296,-9.45559238136355,-3.6628892156331503,-7.501485994043459,3
12,-3.594814435597053,-1.082657506330338,-9.227897371282708,2.3958125110940833,1.607250683016408,-4.552422934511868,0.7088534298667386,-7.1155396223544845,0.5792892783279546,6.20417381382922,-3.153593948626591,3.7541201194767373,-7.841099057731658,4.497142283935196,-5.259658950781211,-8.442369971854191,0.03734724781605081,-9.555487936373105,7.961510999140979,-10.29560886445415,4
13,-2.1754553153352285,0.3699148459456907,4.09168806884998,-9.653160771990002,2.0859957940518106,2.7029722922436887,-5.087706057773292,-7.2658833119340365,-2.754637765262334,-1.955453701820336,1.5447460602358296,-0.7544814690871304,11.622722970605004,-6.5434475588647585,-6.125210895007559,-5.784130200364184,3.6480173151259034,-3.797779871664619,-0.002167970837965383,-6.085655595010936,2
14,11.89316668393558,6.100262156489913,-0.23621158409559162,5.92846862296729,-7.199703524890178,3.3385148870752825,-6.400510242064196,8.518155940231004,0.14532444864958938,-3.447784008548431,-5.489192164408999,5.755786585131048,0.1680300198336615,1.9677185037491534,-9.964896335150828,1.0895370294323878,-0.5354446909790047,3.4904139122759377,8.285732583782334,3.187940975865609,1
15,-4.58074540927485,-2.031003161478832,-8.748273538896731,3.7158470987635033,-0.5094428088877478,-5.023787076425612,-0.22834782529081765,-8.381702746062833,3.6398923164725248,7.75363334414307,-2.190679946873389,4.508825743617125,-6.680544932936586,4.329654500742599,-3.557484720165092,-6.786092538069411,1.1837995647893256,-10.345710748391989,6.85270217529442,-10.115861058124947,4
16,-6.676671092710069,-8.740221494438964,4.525821713990819,-7.462464699382259,-7.507206931245714,-1.824195568483691,6.416533151024998,-8.1549160417962,6.663026699925076,-7.682594878190449,9.475946258140002,-1.4004755495404266,8.116036255913098,2.4003623274955497,3.267064882776598,-8.096536429664717,-5.297721710225975,-8.445682797702469,-5.05909574260448,-8.988523289070825,3
17,8.96852729185913,4.833617221077353,0.3278907857911493,5.472744347133014,-7.6091258782148765,3.4088121908558895,-6.8469217248409535,9.87194563843772,-0.6725111186347112,-2.254279300868961,-4.042920611837922,2.950119326600103,-2.25217783498627,1.8696712095529158,-10.104453026267821,3.2888174916272397,3.0510947513015916,1.1405870573041001,9.281618657759365,4.838103837737174,1
18,-3.982704455973709,-2.025044335036674,-7.904013695030352,3.113145297505022,0.5497047651234269,-4.375112015047848,-0.14129027865082266,-7.510131900751518,0.5986203958741463,10.095432870655342,-2.97215726671834,3.414058778373781,-8.237673384458107,3.2687901824988237,-5.109115171738558,-7.768376058994639,3.0706890141792917,-9.255774237173357,7.6494289147804295,-8.167025440762798,4
19,0.6107189885604578,5.241879868354036,2.3520006939269913,1.7276498190190401,-2.023006347204468,2.843077278652782,-1.2360237911073328,9.404719630177498,9.963684234403635,-1.534497515119774,5.176574669116497,1.5467810336211394,1.5864728854474492,9.901078081531148,-6.565218681123794,-8.56417978199619,-10.001935181638547,5.788351919856391,5.4195555072806885,7.018217515985999,0
20,-6.126431606697592,-8.006704061479848,4.632345028062977,-7.8318748473334034,-5.949281685526601,-3.8387489169331364,9.020536467376107,-8.236595082839232,7.588527990275491,-7.664646821253585,8.94531048542864,-1.9578772485816587,9.69136488834555,1.5401206505375868,4.629767286474301,-8.564942096116203,-4.265619592631429,-7.218952478368027,-3.9271494735013293,-9.092694953565626,3
21,-0.32241664361659517,5.579862673454578,3.3802815743196932,1.1029962237158966,-1.481769997789895,5.257507067353181,-1.5246886197619873,7.575883033807555,9.637736459261092,-0.8598476673421072,7.427271516070776,0.31932576338131746,1.669222467837991,7.133849298789143,-8.891254943958474,-9.09770440144849,-10.60246380349247,8.333973627226088,4.770848357190864,6.868637056924927,0
22,-6.026166678788388,-8.442113663225932,3.760876299689002,-7.141338310552891,-7.751559573413748,-2.2814504487857943,7.1270226275919715,-6.864559898998141,7.286286677541083,-7.071327918198403,7.796861968184642,-1.0003881298962902,9.392711366726573,1.7671680301384025,4.696229468469533,-9.793640403652354,-3.6076952692267894,-8.587274324209105,-3.9520214378608167,-7.552292907741621,3
23,-3.615964314514727,-1.73147839805405,-8.636604897739101,4.123941466129715,2.895276706371323,-5.618789879019029,1.5435323554313427,-8.547410097457055,1.1838780793258512,8.437631380207728,-4.9832055695716395,2.713363271930823,-7.499914818849686,3.7297732613318284,-2.9147965211307443,-7.160320028663115,1.5630061265984323,-10.201882161889827,7.83009291714727,-11.248957095307958,4
24,-1.7809851391262337,-2.790254744631127,-10.736269783868899,1.4119779296345385,1.1834655742457125,-3.541058719600106,0.6502844527323791,-7.4627288586594185,1.4693938092284116,8.82332280104668,-5.140201274115067,5.280577931937729,-6.881620717890303,3.0107610333868715,-6.175493203719511,-5.803104576014108,1.620935479222147,-9.881032495704297,8.012544429756648,-10.474707716498592,4
25,-0.18887976223686143,,2.520929961163338,-0.6385800263392869,-0.03865181942630569,4.813771437363706,-0.06947620358649953,7.6555351798292435,8.202502588510043,-1.2767178965533088,5.431323814680113,1.8003434654405162,1.569166199955506,9.488571802336933,-8.22291243886786,-7.550840837777237,-9.585132030472664,8.438267404864595,5.690047111700629,7.802232328381083,0
26,-3.0778517719223917,,5.289010100868091,-8.915531689510711,3.796803186354493,3.366276236330298,-6.22590311125635,-7.3834780334494186,-1.9773815117455913,-3.493733172884363,2.170925858917145,-2.2539769823793745,9.307850318915087,-7.955520579084855,-5.496089788376315,-5.29068101432626,3.0120838678434323,-5.777783555740284,-0.02374256982310541,-5.475657968883701,2
27,8.091120882457982,4.710613149302154,0.748346582022217,4.439423064279028,-6.870014029587802,2.5300476913410956,-7.302692545721557,8.759245558223258,1.6583513944606323,-1.8996030287334937,-4.742207040752613,3.95387029128484,-0.6703028439610257,1.899721484351029,-9.38505841061911,3.7506062026042777,2.2970858092286606,2.637657393614156,10.523465580560663,2.0863917927115203,1
28,-3.2107892952077535,-3.0696013231896275,-9.238149548418166,5.732606534033577,1.1971830332378355,-4.6240660230315696,-0.2046103155941329,-8.07581885799442,1.8987012976625826,8.110359969349261,-3.878117251352702,3.1817478725899413,-7.068305313066022,5.457061417583056,-4.881203839713632,-5.530192099346712,2.534864420317135,-9.34301673090719,7.6604523369919475,-9.807022113067056,4
29,9.672948053384244,6.522332558448667,-0.684235912561243,7.8014815389689485,-6.650875286832156,2.71280547231998,-6.880602820434551,8.502580344910664,1.646816561411739,-3.11286597158054,-6.3136262877684475,6.943388538360327,1.2761264369015537,1.836983885062561,-9.511466050037159,3.0099776318223195,1.5948609280656694,2.5099234826473507,8.9138702761487,4.262970232815029,1
30,,-9.070085549010548,,-7.699576828340927,-6.087410980174221,-2.4198399127612014,5.743436758115818,-7.563871458124856,8.617454338567178,-9.087372829501183,9.059642941747004,-0.6765866257259663,10.675681437747334,0.9105283942192184,3.7201234835819514,-11.379905167729948,-4.784222961685658,-6.915923009714789,-3.0119713405789605,-7.268291959607388,3
31,-4.586233638577803,-0.6701320859962421,-6.42742222042527,3.606886127898135,2.0530610054243987,-2.392829781231499,1.4952566969276855,-6.570469183628671,0.4237043556148523,8.821544809491849,-3.236651848335076,3.912494728566536,-6.574535205506397,4.482719139631307,-5.524272277066798,-5.269900345230409,2.1091190248531064,-10.776465705849988,7.337796405174759,-9.35311046368345,4
32,9.73823036730882,7.312312567080024,-0.8187573787211827,5.002482268777419,-7.230615461785362,4.735132888953029,-8.58483978125082,9.275581128776972,0.6420530602332878,-0.545227396630412,-3.7179785842226147,5.297964676874553,-2.5615106110939116,2.175242745269229,-10.45939668146438,1.4059695305603526,3.3902650351395547,1.4278295598564859,10.277806310392727,3.972250703474981,1
33,-3.6529495544546537,-1.3923123868355098,-7.10954173051424,2.0470322789040765,0.0769611876743006,-4.7052439406220685,1.1653184065111755,-8.336463019371683,2.422018365992609,5.578486747080724,-5.959088208626673,2.7804043115941104,-4.69672066302798,4.3264757297995935,-6.453327108861071,-6.696202492681534,2.3477525777695036,-8.635626695038404,7.049349495542031,-10.141894681532783,4
34,-7.421565306472062,-7.086025563011524,3.3309103799215842,-9.157046571957654,-7.296447599014469,-1.1136312815844214,6.742069679933976,-9.432768872647355,7.5788512580378615,-7.016596882358099,9.094155270808225,0.03070612934081718,5.795121125854964,3.070487190089078,5.960426979885908,-10.34094686967732,-4.061775348956504,-7.934189318784061,-4.179725530327929,-8.050326065450188,3
35,8.589248660909574,5.084849312902455,0.031638983799152864,3.7640515440644355,-7.030374742178651,1.1688368238020386,-9.254110696721508,7.054531737233179,2.403730406936174,-1.9029951651330712,-4.6223045777420415,6.903928834595284,0.05718639283069582,-0.022826292031250306,-8.755197648454136,2.5368912062210884,1.900236356852548,2.3629708516329186,10.154773590920506,2.7504395000287154,1
36,2.0447794778625044,3.8504015235970024,1.3674299104041956,-0.31641374315618376,-1.9678266455144968,2.6375267661486137,-1.6129493191378357,7.992163870913958,9.851776707749465,-1.9815151664912714,5.070356837746849,-0.8598930787434897,2.725423069981117,7.822483581303283,-9.23157243597728,-8.778603318270296,-11.438701601350134,6.174422906918274,5.083479204989062,8.020601263279895,0
37,,-7.014493633345969,3.806301230325768,-7.6221724731392255,,-3.0553020968213693,6.482823952222608,-8.929619696909585,7.120858860677124,-8.370743938062882,10.151010827778808,-1.4302154432307934,8.613254104497358,3.8709667326048574,4.8140278256797195,-8.66328030551805,-5.442283001363961,-7.973333231218748,-3.3950265667494866,-6.059829761269034,3
38,-6.088123030082217,-5.885441334296124,1.8037800885224502,-7.213129368702451,-5.786678208918439,-4.151274098646265,6.897989593321717,-8.151097276186213,4.662340668760429,-6.456303863871144,8.665981081196843,-1.9094793813410105,9.955363386018437,2.654397190805817,5.5216829916623045,-9.602247517122898,-4.354775086362718,-8.326875538910487,-5.387393355189309,-6.546314971860884,3
39,-7.54509340188915,-8.595414588152865,3.103922848961121,-8.760736122776587,-6.098486072876557,-2.6902249713961113,7.144613747287964,-6.643364741449805,7.328742467776167,-7.3364807911610495,9.581468251402217,-0.986720543522128,7.539244894649978,1.2106895757263036,5.002538272659363,-10.861837878703577,-4.1009709256885385,-7.996903486004573,-5.098755902138792,-8.095469937570122,3
40,-6.482292787863946,-6.345705102793575,2.912096682816878,-5.5733020152728185,-6.919875350802721,-2.2033119788116267,8.42908315813358,-8.547789215397376,7.0041540034194965,-7.200526779284305,9.391289601369209,-2.127329243210298,8.479262404737787,2.677842983754755,5.676786907955278,-8.431688820592589,-3.1974287346039634,-7.524083580800601,-3.868962878846095,-9.14431428007265,3
41,-3.330612587189181,-2.4521963035830483,-10.253969956247555,3.2871875582353485,-0.2674820391710657,-3.8678202508669783,2.956447271531651,-7.109334621300809,1.2376919716906736,8.602630459127168,-2.4747012818273832,2.747292562856917,-7.2311054848097545,2.1565696550347204,-5.3284370175510825,-6.905540765513955,2.3665253963081807,-10.365498305892128,7.197280067675849,-9.722929255993373,4
42,0.47823762785419016,6.2333193812653755,3.0046883283586387,0.9852149013231277,-2.7523395320520736,3.76224523773467,-2.248471122135715,6.2906889188639825,10.461285002372888,-2.014227011559596,6.75535958543411,0.8966260480011099,2.217721833781337,7.860907172553074,-9.613521677826727,-7.575819487687558,-10.399041715367327,5.96284713320856,5.107602515479666,7.417722123961439,0
43,1.6527308109081182,3.9217783718705697,1.8310085871812376,0.5954139294828669,-1.9020511298831893,1.6916860695501037,-1.064916575488549,9.506403048430451,9.21712218957183,-2.3325546662195413,5.147201724496628,0.4604238486399772,1.8270576479126766,8.141690325148877,-9.033082877094262,-7.854149465805938,-10.51363682101253,6.904893538035632,6.383456816258431,8.760191506615866,0
44,9.617532700594113,7.8425176181861,-2.3967346927681934,5.475761074634755,-8.218605029416254,3.133526046746476,-9.570498611018428,10.008302900481958,0.4507149223369676,-3.551462363817575,-5.070000892647326,6.093636130338857,-2.4684412311270605,1.371901193816125,-10.681677639074426,1.796724909638575,2.2686528371230654,2.5221301910767147,8.404219072109758,3.9092023715999322,1
45,-7.787735398132817,-8.803043385492522,3.5332490362631077,-6.752869246941991,-7.7407973539698105,-2.003421390262616,7.28083786745465,-9.748972245947824,6.068466720615116,-6.649139417762763,10.535291006293166,-0.6021833077949265,10.036471160096173,4.208930018520995,5.288068561418655,-10.437053016332477,-2.978921748870982,-8.46700766636124,-3.0832938137092665,-6.969174959958231,3
46,-3.6710575419229214,-1.7689560569595284,5.051205566776444,-8.92255773025312,4.14878655402746,3.886047987277988,-5.038483094960881,-8.309662257988448,-3.913007379720324,-2.3015319630466777,0.5548625356639333,0.40153031247873594,8.990248719029392,-8.259107361977234,-6.829023942897543,-8.917117707538763,4.859085031882896,-5.138506886107406,-1.1216993812894154,-5.310203221638744,2
47,-5.6789603816135035,-6.5183421491987135,1.4618937499165539,-6.805962088244675,-6.1109546948899665,-2.2372077728124755,7.535841124985446,-8.978512647230215,5.138624047553514,-6.971840369269693,8.530704655337503,-1.313195480967004,9.739842657226392,1.4108085737395644,3.1930609596504356,-9.18205438749786,-5.1253454074336675,-6.998208897866354,-4.583272605635756,-8.313891759635917,3
48,8.73273439748209,4.614926188996081,0.790866844014444,4.6703132897719035,-8.294454187723673,3.0114375939803644,-6.533564879296775,8.637061447302035,0.8977607627026896,-2.10774735808593,-5.680058422731851,6.91099064947136,1.611448258662099,3.064648510387139,-9.482397352119442,4.1861453033332205,2.597617970172413,1.861393667091909,9.341341144674463,3.542013475658483,1
49,-6.90793651414722,-8.346461917504476,0.12009307429814209,-7.283506840680966,-5.236474981339252,-2.6186353882412203,7.544086331405464,-5.763093317883383,6.585547941598877,-6.84677828252743,7.9433367250878915,0.4043431373106574,9.59871224419351,1.8755198965538562,4.621872667959543,-9.372547623252228,-4.652663657817058,-7.3973958055869575,-4.251488183623503,-8.781238099878323,3
50,-1.7876316339384555,-1.6767903803551591,3.499070817636523,-9.787118925792624,3.538215353355975,4.659452533257624,-5.09166866942949,-6.72482339256667,-3.8984074564399873,-3.2890939404114623,2.081181324773964,-1.2598808063877336,9.593868525465144,-7.060863162635823,-6.020252329776036,-7.61158590168528,3.9713550046389337,-4.853448058770492,-1.710813886722567,-6.2243940548395615,2
51,-6.091826805828005,-6.90699606709442,1.189570381856229,-7.385824985176395,-5.154468108115423,-2.8833914463900756,6.528679867872917,-9.553385359399044,6.278864493157781,-6.249256412732513,8.741121265752566,-2.0676083102419858,9.684693522365148,2.885539727966659,5.979082078591289,-9.733966797038857,-4.121385171843089,-7.051713897451229,-3.42798552172289,-8.172648364924664,3
52,0.04352916775211724,3.0407189783461144,2.5077566140725245,0.9955598053505639,-1.9750693759026134,2.2685443336027347,-1.2716788797676024,8.914654743754083,7.269039494521671,-1.9542931026335526,5.288788787635509,-1.306687449921359,-0.584811861285313,7.599149271717929,-8.359769280249216,-7.864351071989093,-10.53461362387127,7.669417902372005,6.986118515513115,7.796329549892942,0
53,-7.235395989446731,-6.036018533683676,3.774632223860814,-7.618379094193696,-6.538932479512412,-2.4385259785674345,5.364333308316521,-7.462362530844226,5.383596200030601,-7.455021646159999,9.364594568287503,-0.21236244895470358,8.522635838468778,2.3418956019890373,7.197619329478687,-9.67346090737425,-4.026460888142784,-6.090501825979314,-3.315491904696967,-7.193560136770489,3
54,-6.923371012107399,-7.974811432136854,1.1273241973101364,-7.41471207730806,-6.910847263490379,-2.8001102399305347,6.200620445101831,-8.504439275471738,7.697736792887215,-7.630977689796582,10.656343814739461,-1.9518033370056929,8.886265836358927,2.0566295765786333,4.378632618062599,-9.295501880410324,-5.525964147780131,-8.312246832998863,-5.718750004409114,-8.515471172688358,3
55,2.4656260406209753,4.825091075724104,2.6671947141640358,-0.4438330656451057,-1.050005644299683,3.066331842713201,-0.7192105364117186,8.25808863735042,7.913474484516772,-2.372570435042413,5.0766299012281255,0.5278143007732666,0.46349029497681526,9.824403132994217,-9.438251224486605,-9.15635616243472,-9.52104564464993,5.575297841554765,5.138471716564143,6.57027836739842,0
56,10.195820454079664,6.873842965765866,-0.2574959081135867,3.0693447180408837,-8.602593600285914,3.275488518907342,-7.488885744865878,11.43360996175085,1.3635247359685305,-1.1486793195708633,-5.825837311654183,5.449377049081417,-0.6357893914500765,2.4964626075007716,-8.743072894173263,3.3856991360374877,1.3180024386384266,3.7508316357937694,7.494530817985215,3.1004914204035066,1
57,-2.5716055537847304,-1.9486065203211305,-8.818855179744556,3.700365224666561,2.0301253266016683,-3.839062016759687,-0.13977972680962414,-9.530080746799602,0.5378282949252938,8.751107019526252,-3.64526680648606,3.4891402699876193,-8.089214881969966,5.122284897463211,-4.3883166823169475,-7.9696072896602494,1.8856084760168055,-9.050423077921636,6.72256089556415,-9.77586949693333,4
58,2.987526760009632,4.2591919009925325,2.250337218584259,-0.8838991957676545,-2.255948672016601,3.1144396620619075,-0.8934980816329321,8.452346570034873,9.281883108938162,-1.804165415029786,6.2882826742889755,-1.2518420159464427,1.3978969437887954,9.279835173585925,-7.989399015307742,-8.621272815939975,-10.401258558732852,5.5340849866371284,5.432081007455597,8.533322844496103,0
59,8.848438140596679,4.863543050654017,-1.567188061247664,7.158650327107847,-7.696254784079237,2.3515841728878555,-7.3166899820690645,9.717996560630146,-0.8758832395483578,-0.29188706426710676,-4.552411500961162,5.2683298103886065,-0.43414724192229004,1.5870760505029062,-9.968400447740278,2.0999992694759353,1.3730519075824765,2.9950706883544407,8.342967760881322,2.680147559637385,1
60,-6.488917981544456,-7.9581259600070435,2.721485499844007,-5.49105640034013,-6.644288373920465,-1.0643980298849685,5.2883253549385545,-8.354206138536982,5.044841557255291,-7.918797640892459,8.26546167839171,1.0380734397444733,9.947494035467813,2.634307141777738,5.067950037130803,-10.308784969304723,-4.219742460737981,-5.758988087868878,-4.06864112355079,-8.642461822539932,3
61,-5.424546131388267,-6.616644880279145,1.9904269350487511,-6.731040361600553,-6.730377036560787,-3.372412923843989,6.415022935623655,-6.310306253641077,7.816855711457961,-7.472810483788881,8.378583664513865,1.927473451705409,10.408952809467419,-0.2519270250141914,5.184745923174525,-9.704938870831668,-3.9338783925228413,-7.1954284089270955,-4.995715126027206,-5.7995598686074255,3
62,10.071093802967214,5.245239504093242,-1.9741479471411425,6.0276270286967115,-6.946630091446581,2.8482776931502993,-5.784898471394353,9.801077138979576,3.1175372757704345,-1.9075697141851946,-5.707736554002828,4.744536997944819,-1.4424911620436853,1.8447103608110837,-11.782272555234153,3.6712609596083787,2.0026178633060843,2.0918863797063865,7.795618404267489,3.522180430619488,1
63,9.542510723018916,5.865000499967879,-0.9131004670148282,4.3829471053187,-7.596384098526401,3.3111379500228755,-7.064335024338411,8.621102239846596,-0.05275858737159278,-1.9860578694679014,-3.451143540411422,3.3980388092637903,-0.8369218991212536,1.0409240600765526,-8.168396039436052,2.408202166961345,3.7268400531483827,0.21478991944957926,9.33454647512654,3.916463842107348,1
64,-4.429526553896981,-0.6867339068080852,5.855242116915129,-9.571154675354574,3.147244570863703,2.377009666167975,-4.614519273817523,-9.726640901946455,-5.955093282552132,-2.3507646613273945,1.3215917615662416,-1.7075927458273992,9.466381974661111,-7.422115870583077,-6.236268867152971,-7.8707346140331875,2.1348035812350012,-4.045829087207515,-1.1985264978360954,-6.496765743735144,2
65,-6.403554438097481,-8.400365125103367,4.174578404097598,-7.270167939600105,-5.94132881307774,-4.674728500025385,5.163184468790581,-7.118360090631326,6.0250814239498975,-8.610469501119688,9.251249332999636,0.7367666257813739,9.909359761608325,3.4071749982842485,4.517523790434842,-9.003067891147195,-5.547104203847784,-6.41803754059325,-3.968547845862248,-7.581316522118844,3
66,-3.08882359382731,-0.7295271405382132,3.213228616035102,-9.171450533385862,0.9631404374003378,2.031012382868203,-5.90479253454247,-6.5236098736998125,-3.396357198214461,-3.824553037814847,0.0036792002296517357,-1.053289637855424,8.114673118931682,-6.8931769663225495,-5.758568686453128,-8.381129801534133,2.0962126504660983,-5.658479268435481,-1.4469770530973138,-6.601421168189438,2
67,2.3874421424361065,5.089591154279563,1.9977980029674833,0.5064466077639206,-0.585986398646792,3.323086341656011,-0.7502033700632935,7.809267778297343,7.585025182249154,-2.443635606043998,5.302010842444224,1.2229536685179656,2.372733654872835,7.853981721092052,-8.11089360176521,-6.521535008283472,-10.263344771764045,8.334318651031898,4.710549171826362,7.423202720544333,0
68,-2.259985121227889,-1.2584609973420637,2.410335767745619,-7.933342510530336,3.216747685363261,3.9011279827928456,-4.826412660063482,-5.998869297933899,-1.7302059921513078,-2.798023339819216,1.7150598544512472,-2.3063308215703726,10.829076931219786,-9.143991229611208,-7.627716566733727,-5.9434236369596825,2.5404699843601524,-4.156560667862117,-0.2657098935277064,-6.741490810991654,2
69,9.104873670997428,5.120677984609737,-0.1478936146363654,4.979391583982252,-7.066052563697059,2.4656086616982673,-6.652509755701285,7.925192277084573,1.2683174929862022,-1.2187885175265245,-5.628538447970122,8.127609509699074,-0.336870329268535,3.659146047903508,-8.023936172524138,2.1638751612997584,1.8296426998438857,1.9352207540743371,7.044933019864674,2.940570862720121,1
70,,-2.35596267110589,3.969115405526162,,2.6825728595646403,1.9538166617658628,-5.622470818726258,-7.330648119866608,-4.172825605563957,-1.3287192798338052,2.901650435677157,-0.6627025282171416,7.967705579717781,-9.063793932245048,-5.415334547020057,-7.402367222544664,2.575075077596144,-4.035200554616298,-0.16290972098145762,-3.7973337261539966,2
71,-1.977106178323,-0.7888739136181009,-8.257934126839421,3.4370969391105337,0.042297735588805674,-4.101951173324056,0.1729004572863585,-6.123563494447337,1.01437693777679,8.866002451311482,-3.343956798337834,1.8749737187820614,-8.129139919942656,2.3398838075891755,-3.937374520735575,-6.149491999394776,2.474021657602547,-10.323037778338293,5.519275010216277,-10.228053151031942,4
72,,-1.8393581269648211,,3.3894728623953663,2.1885628793501968,-3.065489404908254,-0.4595085546479313,-8.277183980128038,1.9439274248943685,7.806372544194516,-5.745157127533077,3.133144573555013,-8.468133461234325,2.388085127812875,-3.309981110187627,-4.7006914695760695,2.259184943512369,-9.18188514913375,7.012883598994575,-9.983698441332008,4
73,-2.8263985019531552,-2.3090720811811707,-8.772489095903344,4.646003111258964,1.4652089692407873,-5.233888529911358,-0.40034129419017883,-8.2137179097549,2.70103200388993,7.015269357841811,-2.769290189446868,3.6318545920714205,-8.333155018812887,4.3081703532502855,-4.415913587787512,-7.283913124743118,1.1908235863479781,-10.854136377037015,4.507276996936639,-9.754854038489126,4
74,-2.333730388663648,-1.2651233182114678,-9.128100518856705,4.598741942406598,1.5431668532506992,-4.952861321907743,-0.05023730161982154,-7.041973008438933,2.996392697776654,8.310815227734059,-4.065628663810387,4.04637733801349,-7.9992191504483605,4.930220769328392,-2.4749485351782408,-6.754007195952215,1.7547719284060617,-7.608155998734995,6.205632271364623,-9.765053744600507,4
75,-4.490182875133696,,-8.111151725048066,2.5591839065078723,,-2.731296436896625,0.12942126038993146,-8.728801970168943,0.7916880300857442,9.437332622696662,-2.7402043707887582,2.2368842878618977,-6.2261983868606,5.602093361781838,-3.917278729288609,-8.521852286318925,2.522636149196538,-11.22289049908172,7.318631302195388,-8.891821368496883,4
76,9.585606612322815,5.861226356734194,-0.43135349899893266,5.020951483778078,-8.530327243032163,3.346748557048457,-7.0342667980032765,9.090559396189045,1.4959936894434003,-2.729325591450215,-5.564128215158324,6.741893439513327,-2.3598767132430716,0.05926683104195507,-8.806342160087901,2.5909101335395808,2.3471465915077045,2.247020529394755,8.906229117320054,3.544293867377712,1
77,-5.750815935230639,,4.334144373464905,-6.698960779668692,-7.077476797612817,-3.9910493137015903,6.217483383239631,-9.467159265694939,5.974113420915448,-8.248154146871904,9.044978878529013,-0.9548940233563861,8.207217136508632,2.3283771546941305,5.781779639032941,-9.764381622702755,-3.6181054042805947,-4.933342062018545,-4.169007079691554,-6.9742356129655905,3
78,-3.7767730769810144,-2.991092270481097,3.9025164597550046,-8.36385671460338,3.9122689059665774,4.23111112319035,-8.145989178213597,-8.426618477859606,-3.584780687013291,-1.2067813012114024,2.1876799020323214,0.6733703210945199,9.242537338270527,-7.68468678975743,-6.922435685672613,-7.178161861924075,2.3268707910249944,-5.56815660852108,-1.0672336640595383,-5.108770620077264,2
79,-5.3741973924350095,-3.3553413148365414,-7.571688673367397,3.6988472788776767,2.7634723312280807,-4.055623412974789,0.3983982217801559,-8.08885980406291,0.9638562638769381,8.68371006075329,-3.6896059329834117,4.1857242719325365,-7.527461192988237,5.150099574240048,-3.2912458502810837,-6.155410152875283,0.41729036220247906,-9.75832578230241,4.672725938361095,-11.112712097501529,4
80,-4.412934971782973,-1.9983655619631113,-11.044654115725463,1.4042148966216965,0.6161641568079936,-3.808813338755025,-0.8354787872660894,-8.197528868909808,2.949486726703549,7.262515368300402,-4.066977117140286,2.6050551180848682,-6.472075169914261,4.79041684759983,-3.594217294321191,-3.83975569709781,3.3597339190107296,-9.696893777940527,6.376808629089102,-11.354916364818827,4
81,0.020325078053718082,3.9578055517490034,1.5916715467867837,1.3791451337113991,-3.06770102766653,2.9811442555334544,-1.0917492367807746,8.06764105184187,8.675939141055224,-2.5690913532204522,4.41043985267076,0.08457851169589464,0.818029745861928,8.927982812114646,-9.735461267864174,-7.476215904259192,-8.101147506702116,4.582411885945228,5.98939374977511,8.077150999966628,0
82,9.364081741560286,7.557542521810043,-0.5714232605361753,7.5993154443245,-6.517228016933146,1.2345157917107106,-7.114306881157717,9.947703315895755,0.46751301604205087,-1.7436447310345962,-3.4391230075931563,4.7748196065382285,-0.8594777423908107,1.692304741982088,-9.95799495162646,2.3325808376400046,3.016937717672599,2.771517558995132,8.06624403831295,2.5322819962704064,1
83,10.445678680725694,7.182907460749509,-0.3142597191143077,5.2530044937605105,-7.593429256477456,3.391886346153716,-7.122748733106999,11.09167467966217,-0.5537044956257152,-2.70942978755932,-5.685783144642786,4.895093866139117,-3.0559248758639384,0.739028550432788,-10.277488693200786,2.4312239666917184,2.65971503765451,1.098463601087368,9.775015813056557,5.438648211860215,1
84,8.798071764168476,5.71378150588323,0.05495947714615168,5.312260356733274,-8.557334797618164,1.3470819283594517,-7.111076893599201,8.935917415021468,1.9678987860302586,-1.6143134647197206,-4.807896069191537,4.434019952096843,-1.182945930767421,0.9302045193383632,-9.9943681557866,1.3934545488769539,2.7802440577246053,2.196234519985769,8.674608090287498,1.9223598660206718,1
85,-6.62383823700225,-6.822873447489851,1.4079419126933734,-8.293297740972939,-5.92488883832755,-1.7385340206222533,6.550388622823643,-9.722547735106419,5.9352848735176815,-8.872737959717956,9.918181245270963,-1.3890149268863956,8.854414659005972,3.181657971538625,6.120587864764623,-9.629518960249625,-3.9189580761219354,-9.477552574267964,-3.87886899020176,-6.435467571119292,3
86,-1.5066610268758474,-1.1308246071571229,3.810176049756456,-10.104254081653211,2.1328590007089203,3.8288570267790116,-5.993256311724109,-7.2989427292496325,-3.73871069721257,-2.0616405317888975,0.6192479969281485,-1.5635503743367596,11.66365898981767,-8.75888992342521,-6.104040308903408,-7.363196344278644,3.506947871715218,-3.9117756267622887,-1.1719961614599848,-5.54290250107263,2
87,1.532232758256293,5.19626121477992,1.6329526973076072,1.002377689371221,-1.298850688097838,3.119362208037556,-0.70748218944576,6.017382385258024,9.223931139873013,-2.0921360222376806,4.834170412699587,2.2518841020687987,1.5224504891168138,10.07533751088215,-9.36980185787534,-9.164714127494513,-9.371379830227804,4.973708548130103,5.7781006096231025,7.4974621969393,0
88,-3.684504510513125,-1.943762480153597,3.241338162934859,-7.6675339424812226,3.440162111740568,2.419500174925636,-6.126970384477304,-8.301031144214319,-3.99143964052808,-1.8502754280061646,1.656206188969719,1.057631450774474,10.143404186952006,-8.872698295016546,-5.012724147288858,-5.693878425157539,4.156333500751911,-6.02840890223945,-0.8214219573887126,-3.9796762031394923,2
89,9.973252523759403,5.9735140478015625,-2.5675773703369815,4.808330353998297,-7.441297929387639,4.095762515643368,-6.131603234472342,9.490590845395102,-0.3783092261350246,0.0944527906190058,-4.493647290267849,4.478308267005783,-1.05989833652598,2.2649274027291284,-9.616586492954738,3.239574628100303,3.345608411910579,2.7392106220938444,8.01725894724559,3.7718606452596486,1
90,0.8657294213140224,5.32396003916419,1.363217673648487,2.434040714183735,-1.2405603243296257,3.5267260958085735,-2.293509140893105,9.046605305324295,9.963073374555375,-1.029323393919447,5.206413202011713,0.09687127659730099,3.6648079195625876,7.451916943131673,-8.715228536720582,-7.12052264336649,-9.49790708347863,7.235350590712054,5.163685989734134,7.770298852783901,0
91,-5.276073961158313,-8.206259670433196,2.6224597091417303,-5.957811784043059,-5.129521040005154,-5.341776895998293,6.871005386815903,-7.457807605886483,6.968705080876987,-8.735689845945513,9.557597744907506,-1.0250374480116327,9.746544791416717,1.894516132039854,4.163343429727087,-9.052473708608971,-3.5414218382874147,-7.307062883341256,-4.630838439488333,-7.289191600544709,3
92,7.658624173793775,6.6467328609258525,-0.9244851533661984,6.8041952064783064,-7.732672693827266,1.9118061664943644,-7.280287916401916,9.953184635925453,0.46321305286302134,-1.821096360061906,-3.9653342423991234,5.695033155314146,-0.8829207615022608,2.734739045776301,-8.069089959213828,2.9660361678462435,1.9559553029632557,3.8355909310159655,10.058081127624192,4.35530314759796,1
93,-0.5741592665369859,4.721106148480225,1.110899030608584,1.135766807770249,-2.932866929489805,2.327824615463583,-1.358745179812078,6.174760203772331,9.388403083160679,-2.7103171863643682,4.0921445638440614,-0.725344359054227,1.9660113059608124,9.407488751404545,-8.711187475822229,-7.852652193928687,-9.371788487880574,6.982019893086498,6.849119026077302,5.89324456672211,0
94,-2.759299269592234,-0.9995316249515547,-9.179127609309887,4.762649393043226,0.5773765963338078,-5.227187323873924,0.9216035305087451,-6.611612826908503,1.2907586737132974,7.695582419169109,-2.4188490436602983,2.083407566774354,-5.525861262875475,3.3424613939130867,-3.5709296942346804,-5.409481534333123,2.5152927506644867,-9.370846438610158,6.628330136215251,-11.559270977543381,4
95,9.487251242135876,5.418870251032311,0.19635525622509709,6.1186514351205865,-8.389974208986969,1.5972189075330876,-6.609672513130995,8.355794972433616,0.5361712975329364,-0.13046222756181147,-4.20655951783268,4.622406788931096,-0.7163321658492562,0.41603402455758154,-8.015681835324173,1.7911311919143214,2.4491852014220474,2.6464125121745705,9.034212038666187,1.6778570269331294,1
96,-3.9079399488868383,-0.7470941971871891,4.038467023887749,-9.289417274500524,1.928874653809722,3.2379340207454215,-5.112404772407227,-9.58457169529906,-4.087556179267772,-0.47150088234258547,2.0765721269256874,-0.9681372357501166,9.030291591613612,-8.637433622913408,-5.905753273803269,-5.170946012922938,3.5277557002028983,-5.8063263469751805,0.5030024195099887,-5.404082367126036,2
97,-2.5711604175924445,-1.3755833635509227,2.009167067258475,-8.28719138182063,3.918702315734652,4.339362160671794,-3.9918860160629546,-8.616577820366409,-3.1749255372345635,-2.3164895845065923,0.9848534155497716,-0.8308634943038138,10.267123716296492,-9.177787615016635,-5.576242116826873,-7.69179394830469,2.410310009377377,-6.708912764393008,-1.1471454683763538,-5.315058831441422,2
98,-3.445269489387248,-1.3537377439713447,-8.565074874068522,3.627169657445336,2.636802270383762,-4.785447881952107,0.32542313384785415,-8.362126531346977,2.553035290440656,8.293464327734608,-4.462970318960096,3.2394490576667145,-5.656328994036742,4.02585796750179,-3.5961065068206244,-6.614283498673634,1.4535118814950903,-10.158690460019425,5.362496525001843,-10.015872104559174,4
99,-8.093841502920721,-6.2607287551788575,3.0908195645683083,-6.445479470868972,-5.4221349915037536,-2.7570674980426464,6.244498241861235,-6.836391342862792,7.785395554558665,-9.85026296210116,7.836783563211458,-1.5731965874021272,8.64167636550704,0.9783845223136893,5.057382231228321,-9.679948602047558,-3.137736126709638,-6.1431910102195655,-4.1058792870546945,-5.9419876722422265,3
100,-3.1911674203401517,-1.8460420171890086,-9.467985055076754,5.127094172768478,2.080790636501754,-2.0349371320969163,-0.35364620574572037,-9.56634094603399,2.860693102396784,8.480734396000368,-2.271833705920058,5.362221691805775,-8.736672400299891,3.4691156814343547,-5.893166591379307,-6.486771414047616,1.0091946994208563,-11.53873150444069,6.678705643935615,-8.62425403122135,4
101,-2.9683293982953467,-2.335015692938956,-8.604200439727034,3.2362385747693447,2.914299767647349,-5.076648277145356,0.3975860707486641,-8.404599793985824,0.31941196348602197,8.50688927411369,-2.8067479442741967,3.17745732738535,-9.015073479218858,4.117918418876939,-4.922825210490363,-6.2838259060384205,2.695618365170785,-10.298057555132678,6.4232930394269525,-9.859729059461776,4
102,-2.2972797570981576,-1.6184775190790561,2.89405202093993,-9.304496406005923,3.4509993829597,2.8654018180645218,-6.3431482042300225,-6.62943254847996,-3.5473264963930915,-2.4923265014852296,1.5158078052538921,-1.9036728741252436,8.396904843223837,-7.64853907461896,-6.3295015102287495,-8.784591910885952,2.6695992513428153,-6.026385890544981,0.024865691433880177,-4.5898629327276055,2
103,-4.429196668952104,-2.997787068991796,-9.430859890943934,5.1829945495538245,0.5681226334926167,-6.227168281582944,1.6217420708082397,-8.633371196275567,1.069921152513489,7.192051595895011,-3.0982322146673456,3.916173622478149,-7.9144986077684045,3.1328116305190425,-6.103978158956727,-5.7681144669541595,4.326753977355217,-9.193526165090477,7.187122517006617,-9.759529258329486,4
104,-3.209962248525643,-2.666731786959826,-7.5142822124100395,3.9293686524167186,0.16176793208545592,-4.072667356958404,1.3574500738906645,-7.2450750187059505,1.2093489989431307,8.066319712422441,-4.93549259377722,4.867806452460822,-7.151181364755249,5.893041963259914,-4.47078354197872,-4.624683771957714,-0.09055750292367581,-9.434354559402104,5.765683561514102,-10.51144505578447,4
105,1.9057751900260231,4.8860119188463145,-0.03933554977326681,1.0213855741714435,-1.6570109674156095,3.0118354907186915,-0.3052096874236324,5.095782848452037,8.703943156550402,-2.061265268543684,5.3676552156005295,-0.8390077180681708,2.229854708775441,8.78880467169935,-9.550383406486747,-7.942596801453361,-8.77404633914369,6.657689557258121,6.363699822428006,7.478503140098043,0
106,-1.862982636599465,-1.6066935362347299,-8.982149956766785,4.308904979479814,1.3589076368738948,-5.777913717808941,-0.16192667462875576,-6.722232902203859,2.822717612087967,8.843159269860458,-2.609135719334213,4.991016833665946,-7.8057684641299065,4.510858922169936,-3.990787238099387,-7.16298629155063,2.176690324276191,-10.741527095292103,6.681060569518837,-10.175004367988663,4
107,9.103056108376174,6.858866963113978,-2.135575632166532,7.557682168549466,-8.114753524359559,2.2751694831655818,-6.111709508651909,9.602073614102105,2.88819615407651,-1.917967183821049,-4.8292943965718695,4.0053578087210795,-1.2090956330178542,0.6472476818012135,-10.072971004378395,0.6085221849635869,3.9025220143429427,0.9220764550694978,6.072758771900771,2.4479815604866486,1
108,0.7536643975981746,3.3907081094065936,0.37404930593844443,0.008692301842486927,-1.2847860522367824,2.0291620039794918,-0.3115133112108931,9.247787721679037,6.9036683047939835,-1.4671173229867975,3.594896702991555,0.9793974501483762,2.5857617860723057,8.576788872196797,-9.858968009246501,-8.842845210246958,-9.857277496904386,6.470152127168817,5.360238178230342,7.290360185627068,0
109,-2.707663661580309,-0.7543662022331598,5.281584666098521,-8.577587180292934,2.675623061703683,3.886765259640218,-5.065173908502746,-7.460379353566741,-3.7360323742418964,-2.4656516762087803,1.3340789101014094,-0.9778558238704671,8.745563436757598,-9.109541554857948,-6.658576257604075,-6.131598698970649,3.3209640766485764,-3.8939289849547993,-0.860475464988485,-6.255129555809795,2
110,-5.690884968092611,-7.443493614623723,3.1007820277146143,-8.798749706897855,-6.68569511295102,-2.104002345469664,7.5008112668135904,-7.168598575983521,6.8969697944216835,-6.873431375471561,12.41065001343188,-1.2208378824286563,8.772105968461705,3.6153933206806412,5.020736113351453,-9.103936466486315,-3.951486420812683,-8.250555280921581,-5.111991334307691,-8.40259313046343,3
111,10.96290081172922,4.341822675511442,-0.9254485630596889,5.676643787515601,-8.130306977166544,4.014998140293417,-7.471616437264469,10.928140885012832,1.4911443439403567,-0.7559275031857295,-4.149588776516576,4.420978197658785,-1.308089693179786,1.9414303442301852,-8.946646957685179,3.6598937865987997,1.7744734448225223,1.4785265525704752,9.734065763078014,2.8267794060295555,1
112,-3.239051285170757,0.11586449643372632,3.398492671460812,-7.29599907727584,3.441168952530132,2.5522476452535803,-7.423568286176716,-7.7229463617646275,-3.947665679511762,-1.8681226710250958,1.2933449055493864,-1.6604017093320373,10.844514234132062,-8.183930346309591,-6.398706694330209,-6.199200725007501,2.572338290460701,-4.275365807512845,-1.2707016546570695,-5.334447342938325,2
113,-2.4840423748836544,-1.1345914029699584,2.9399507947767063,-9.822787444490066,3.6586908403936116,2.043366268316031,-6.558676377486766,-6.1399627065388005,-1.777203284453509,-4.391740657945267,3.0305849706591754,-1.4394080215991492,9.75247167415316,-8.072515415682172,-4.741920751077819,-8.381486221343252,3.518330120663101,-5.879038146592369,-0.10299601349230136,-3.5686918216748933,2
114,-4.494570947398221,-1.7587776850352093,2.5256862331183063,-9.728060797311617,2.3228771561695467,4.663327224906623,-6.026886813431933,-8.284829628244717,-4.727038712900818,-2.5841174162760177,1.3927997810169266,0.11610464391983433,10.267493457041828,-9.390901563104476,-6.451445585694574,-5.703737130229097,2.4410838116065903,-3.199595774280649,-1.7720739741986218,-4.538874806927155,2
115,-8.660175113057587,-8.003925790256158,2.8969285460146574,-7.049361558558678,-5.564573300231046,-0.7151540851926754,6.973645791385315,-8.645455951466333,8.016848092922007,-8.936700240218666,9.96537639560961,0.9444870842637543,10.612536645174412,2.908000071555443,2.5537339492442697,-9.317246672218962,-4.931235815021032,-6.2712005042579015,-3.236547571419008,-7.364339439352162,3
116,-3.153259852606872,-2.1065711019717,2.739100315790817,-9.998378891930606,1.701538291260556,4.308924586112456,-6.034001941154403,-7.262822116836691,-2.5132436170347257,-3.9459017380791006,0.4623897330418789,-0.9732541940598092,7.943397209104159,-8.537812298036307,-6.747357951203773,-6.444287200130539,2.636350642944099,-2.9260186698273998,0.2641068291955192,-5.964726644243257,2
117,10.066010932180145,6.47018661031485,-1.6095421577835767,6.600704909608302,-8.999269712703768,2.776550517761397,-7.4041415917092355,7.576203552185883,0.6266690470814297,-0.004191047947737836,-4.64125352784054,5.021652034575282,-0.42996919878335077,1.4743989728401243,-9.596441859647395,1.927167728746094,3.663890013740893,2.795043300975924,8.346290911356995,3.52840214528871,1
118,11.477430485215299,5.9683940646746265,-1.0708915405267854,5.255554794673734,-9.526873375938678,2.6206072828474642,-6.881936135810748,9.94813626617196,1.397014176151362,-2.1232602826262217,-4.9857107526813484,6.608579094298772,-1.050457252741908,0.8586494376173524,-8.231685541838624,3.3902956085681764,2.2607062462226866,1.7449024897164709,6.863081251047776,4.226109587644392,1
119,-3.5325201250830087,-1.888292558748505,-8.98741386456118,3.6389442383740414,-0.5287920898656049,-4.091936526424328,0.14270466633478218,-9.590055661517821,2.489251898348847,7.610381713586529,-2.769128815124845,2.606651626886968,-6.405155163122187,6.225465105247807,-5.806940781185878,-6.591134968277782,2.6870672497673613,-9.318160006536097,6.860497097670711,-8.990487037912242,4
120,-8.152903793944425,-5.902093473632242,2.816280939726252,-7.131585928765494,-7.077753346650361,-3.662363747905065,6.832463012034204,-7.531582403987662,7.636822319300821,-6.97425783962705,9.318981759767155,-1.0711790310389173,10.282035596655675,1.4594711914704854,5.657030083863862,-8.841743867671296,-3.188834313888311,-6.925677086888792,-5.131641873448261,-8.491079262501145,3
121,8.014368316471884,5.476136514569133,0.07458284805947413,4.934989698099045,-8.627872858044471,4.8404925763774305,-7.094816251639672,8.31446020104847,-1.2554040024726745,-0.977414853909103,-4.009751604188766,5.185914188114397,-1.9792235465761197,1.3441295537305902,-10.460060058754518,1.4106163526444262,2.138701702986721,1.2872895388350738,9.12161052554493,4.2443984914760655,1
122,1.6747272276538312,4.30755821653466,2.9871158955471815,1.2376286437391988,-1.5425861248244601,3.078810429631346,-1.4389092683275495,7.440610501608144,9.00552167312662,-3.4591809549544523,6.1149424669695875,-0.41522521587149197,2.202522485952282,8.262474185692271,-8.529783854392171,-7.763577229688229,-8.952317586130558,5.081773502325308,5.356231342833038,8.280421877017163,0
123,-3.5008618016996484,-3.464866279032993,4.4004935826565506,-9.551241327854871,4.661042268237725,3.0707751146791358,-6.3337083669544025,-7.329952100124057,-2.637993232885875,-3.2891922442657178,2.4186731031873707,0.21233391026403003,10.75779957184047,-6.332672294047182,-4.529818857090837,-5.258927348407068,4.666492828723609,-4.726098419574394,-1.1030084424460735,-7.373731795211751,2
124,-6.503279373387268,-7.1798163913228,2.5433804944894822,-6.592339274132813,-7.884241610916754,-1.8743969889861813,6.720148920579504,-5.947365950550756,8.171983686841344,-6.57105148356221,10.34658639663608,0.01963964686928954,8.353590448893813,1.7618190945491339,6.612000058626898,-10.672408603636676,-4.7941425832849385,-9.015302856551292,-2.626244235524974,-8.19122694946073,3
125,-2.3767232590753467,-1.4695497378099331,5.273418304673212,-10.08749181846173,2.8166556216247605,3.129359617906936,-4.975813898749412,-7.419088848987699,-4.952924728306938,-2.2117804013314846,2.491481723824488,-0.48866519762056637,10.386631682790014,-9.833417281780507,-6.72235135484679,-6.291729033627873,3.0072783245535795,-4.411610347205547,-1.9401272198368293,-5.172982924252831,2
126,0.338833052994266,3.9065155131195923,1.9223869438459222,0.5998727805362085,-1.8359169822690276,1.241878455003146,-0.0959242099630302,8.915078607678415,8.459890950816384,-3.7975939512869594,6.35556563810605,0.0021104252450225847,1.5028443851994253,8.192604348708125,-7.887740084972075,-7.562664862313179,-10.32122942965707,5.269032955563705,3.9801966216619276,8.010622344043586,0
127,10.9278095472497,5.585023155584396,-0.9317862912191422,7.405032330954182,-7.6070017805915,5.030436816075655,-7.237913952838025,10.260793323451836,-1.2183776033082439,-1.5531167393738627,-6.293361321058396,6.329128095288919,-2.089861171878054,1.6524485317563147,-9.906399867963332,1.1945067563335132,0.6225544715508862,1.8276394739150286,10.615591016187816,3.3429209271802907,1
128,-2.8102593149369,-0.8852058380423684,4.362175696782989,-9.595084067085093,4.846973658797672,5.119225639624177,-5.090565406406153,-7.348188614895289,-4.153326796870608,-3.3522748042966355,3.1147719909042495,0.18644531197543102,9.703815272394976,-9.539034314710563,-8.654476748012293,-7.857236302564354,2.9315461133128484,-3.533478914761357,-1.325440751931656,-4.606672703627443,2
129,10.019578932110113,5.367050161010992,-0.3041227113911736,7.3254151344051515,-8.466697516771397,2.9707595657796655,-8.782151226236204,10.291940433117214,0.03905433641059253,-0.9241823193475517,-6.432116008623783,7.282213175810238,-1.2338648836946275,1.9143363008429968,-9.473385784940302,2.0972391553297727,3.927706757107732,0.6906337311289585,9.173675230284493,4.547051654299638,1
130,1.3590025085587631,4.269545046916436,3.1516143670986763,0.6634478585934003,-1.8743546657204686,2.3366137844727977,-2.8808903009806457,6.26769229133314,8.094097279382899,-1.0297415518196846,6.7297610345432215,1.9528624614510786,0.028679567284144003,6.5433080760672,-9.239335156176345,-8.081595052673157,-9.096941776283657,7.700369066926813,5.847414689804224,9.142911745592013,0
131,-6.749599521901575,-8.286029027208935,3.1229689720689673,-7.716628082506101,-4.384985485159137,-1.3847703479453959,6.216249578079315,-7.629682223444964,6.593438885740387,-6.884790706152526,10.57806981668591,-0.0583651343350815,10.406486033421269,2.757481202942499,5.959333441774332,-8.685112781584388,-4.191960219357285,-8.17329439933586,-5.648946787050283,-7.653294001421832,3
132,-6.546650749915565,-9.11887566922206,4.265565599971733,-6.253499753210335,-6.835315801422258,-1.4494363103269219,6.168942200177543,-9.834179508148807,5.1262033838251835,-7.344308354265733,9.425140489598936,0.25424897940796287,9.446848639074329,2.3645812882616988,6.908798010946207,-7.819395067282185,-4.776688017082219,-7.2211000510334955,-3.582750606495312,-6.864054453419012,3
133,-5.57466207025859,-9.22913784139848,3.625246434954018,-7.794028433053234,-6.421719655114274,-1.882545610172385,7.263853510316599,-7.714997946271839,4.88577848761007,-6.507067133444948,10.839385817467477,-0.5355391338548212,9.545479580766154,3.898359603521075,5.73249585925976,-9.245538558488505,-4.636199424322952,-7.789605886747649,-2.899963995159936,-6.585453836208432,3
134,1.7476760272233407,5.333226156231158,1.1465042754738248,0.47334603896003535,-0.6643080018934543,0.26226316835818997,0.26507230782705493,8.388592079849179,9.227551249360351,-2.110661967727272,4.8045654783443155,0.22795503046898397,2.4611755600990195,9.809954738179442,-5.883054783478682,-8.3313386722496,-10.25418501799849,6.138162945018772,4.545093143709645,7.322388208995531,0
135,-8.697921145145703,-6.70416196690439,3.045043275964941,-7.789402884096107,-4.8453880044780915,-2.95680522281022,7.019851340121045,-8.826357803436453,5.922768023148088,-6.2674500815371275,8.74215656300523,-1.2117469034634367,7.826900971939059,3.726892638908743,5.183269911261132,-8.978464521460989,-3.36872233789318,-8.925405345070889,-4.618242831476772,-7.71688335216463,3
136,-2.7876293240077956,-0.7159074844304455,4.092612385932157,-9.13953619626423,2.8127557673814065,3.1056256722045044,-6.241385919970148,-6.930502991720954,-2.8259077908450605,-1.4517400432004632,0.6062326484171764,-0.7585975054148426,8.37279711959185,-7.585929066786861,-4.739792596012241,-6.923399143967069,4.134802556566841,-6.072735819519835,-1.5624298259655118,-5.247298002611632,2
137,10.612453089708985,6.147815093860869,0.11477478626756421,7.084348340867513,-7.245417513755615,3.969461491170965,-7.4594952294982795,8.885168458722063,-0.08565298139704403,-0.6637836055431532,-4.294796404113865,4.97743932678941,-0.7223245220226968,2.410247366191551,-9.663471982310849,1.4037771306677786,2.373826210235841,0.35811434642619866,9.643732214691958,3.2150783947449875,1
138,-4.616257409248685,-1.6906099435857478,-7.596585923165264,2.7195651580065716,2.9219520755287802,-3.713480080488588,1.3991246944503528,-8.935898379041475,1.267687463945066,8.203089079833404,-3.628279993039845,3.28600279861373,-7.681391632731184,4.148616736250017,-4.423498458017155,-6.068688896799096,0.07844166080656345,-9.111270727422637,8.276072282730208,-8.833589628865305,4
139,-4.610415813525819,-0.46936356026626713,-8.020178698923916,3.784890368442864,0.2741887591513985,-5.161432457515269,2.5933565518721373,-8.510430579635402,2.0885428484178163,8.311624488102652,-4.727037808635059,4.037928461234163,-5.714794510034507,5.3916767235611704,-2.602833165169499,-6.1931560855631025,1.7277016009966615,-9.070168599053885,6.356179325257833,-10.397575496137375,4
140,-6.293826621832256,-7.691436332356426,2.737948815832832,-7.883132988619126,-6.247435171592733,-4.176937725017029,8.030323575256947,-7.493763843743958,6.656461115762792,-8.697836616948077,9.458849680110173,0.17081897521687428,10.546669655025688,1.193219464835178,3.8117428277923775,-7.13801419210531,-3.207267890756122,-6.887548834908617,-4.215842293274471,-6.701425282652337,3
141,-1.3899780163278441,-2.224467532077588,4.63219178431038,-9.21927881596408,2.738663453375043,3.9798156048833704,-4.804108204780485,-7.93537699718285,-4.460282141191133,-3.8948803284695748,2.5074391750859695,-1.8032257255597106,7.918346033909074,-6.549151646643292,-7.192324380056248,-5.9943491110410125,3.2455951559754923,-4.64625251698908,-1.258159818185197,-4.745896699743309,2
142,1.3526956097021245,3.2043865368641953,2.3535056956389337,2.2240495566249674,-2.2214718729532708,2.768247721005452,-1.6834093264677876,9.684723744120936,9.945549967033022,-1.923707787243335,5.064584687207976,1.117147586349906,0.6865585612212697,8.543763324127571,-9.215124914421143,-7.5809807110226854,-9.019041234578545,6.4440981553807655,5.959141731658654,6.307181456205877,0
143,8.125945780671954,5.530821008765379,-0.45098092160983244,5.472804311443338,-8.591658955772353,1.449996107428776,-7.534491796318416,8.424902296311954,0.9498028925941906,-2.033079662347847,-4.106180101478131,4.890024018963928,-1.1329510248832975,1.0206325977303499,-10.406570958174987,2.977828597951272,1.4283184573539216,1.8170384275245195,8.801841924344288,2.3390263261129283,1
144,-5.620510043353477,-1.4100145620340643,3.4715798965512623,-9.030184921737524,4.235065121484906,1.8342272064220742,-5.548392154615198,-5.851170134991702,-4.3173760964847805,-2.2534566949618107,2.370241187328396,-1.0177382916514985,9.082379780853099,-8.668624795747439,-5.078664724337323,-6.18166055151834,2.275698094236742,-6.110641103565441,-1.9545912570228714,-3.4498362987831745,2
145,10.302718635032301,7.087749757905947,-1.7852386626758041,5.008251672146246,-6.713103084810754,3.2592349036993076,-6.209137691505125,8.76081032633796,0.14796122404720097,-3.7054006757729017,-5.854888184414904,5.531739883342826,-0.052436136104792586,1.8998573439086646,-9.752445965300598,2.0809383750268453,2.459094087086709,2.4168911185872903,10.279507085232197,3.782846752547918,1
146,-3.0148025402545757,-1.4333677615212046,5.809726188301157,-8.380816300805382,3.2067467585969927,3.8681773832999977,-5.569442958898909,-9.578830420397395,-3.041348467144009,-0.9048453070578724,0.6236555399675296,0.22606601808557447,9.510607063852609,-7.665632387389616,-4.752104861130132,-7.493811073590884,4.304660422126439,-6.148385230563697,-1.5489392917877916,-5.705008477315471,2
147,10.390344451910087,5.704257009231231,0.6611550025079278,7.072797696509528,-8.063213548207164,2.1605798700768926,-8.797107236985246,8.766809009352288,0.07352865488538257,-0.9277099800565376,-6.218549363975759,5.207282396941223,0.09175103744211632,0.6383218818150094,-10.386565528000506,0.9057696067617336,4.8624883004666675,1.591206759429759,7.574614738074145,2.832555578038148,1
148,-3.413164460640418,-2.7684692378231364,-7.1852970485983825,3.5229488036560417,2.798874254607423,-5.246339048726063,1.4316364421741927,-7.881010136103702,1.6192443447581402,7.647132494639897,-2.422802394556368,3.7671796100321107,-7.454292821887734,5.53391906913931,-4.123297943662461,-4.12636717056704,2.7469358161530475,-9.928558152057198,7.937182472218269,-9.845234091621201,4
149,-5.703617767674255,-8.066052954621727,3.035559121447663,-9.065317608323669,-5.672376555259318,-0.8139908819604722,5.550787010958792,-8.516203637841258,5.62057419176106,-7.948869667880363,9.593213498174745,0.07810513444850053,10.086695310607661,1.284394348715319,5.010219637030406,-9.544545261636058,-5.4348937258485215,-7.722924648699236,-0.2755358345899861,-5.3102749869091745,3
150,-0.48546260971491306,3.620347560659708,2.422812417455147,1.0879752175318766,-2.3786332104754955,4.740605861461082,-1.7698354527395233,6.650773425230042,10.233948608481246,-1.0021067769447631,5.017007664037065,-0.8234488979812218,2.3913294892942503,6.4646091527952585,-9.805900495438877,-7.28996785591895,-9.650984599215874,6.388459562366073,5.915951625491387,7.247468541390973,0
151,0.6070882406040514,4.064408149872464,3.154927117319991,1.5529273906605345,-0.8867724871243133,1.3009262170222884,-1.272581899145086,7.097429106435905,9.553179809063824,-2.4293200131274033,6.744679669745883,0.8951166102493908,2.147219183987622,8.045513669117277,-9.523725091960513,-8.667463699171734,-9.612652465054925,7.031548646513842,7.822443969687861,7.357985813275739,0
152,9.70394081256335,4.577611236942581,-1.1201949350529,7.634055475499082,-7.129124544043993,3.1576695830639334,-8.71542872980083,11.136980235574319,-0.9858284736249088,0.21556355525486937,-6.823943773095268,6.890039227408753,0.7410609133311965,0.5442698560451347,-9.201623619000014,2.9001905136222073,1.4281199712171229,0.889562326758208,7.557244227151719,4.1774142020294756,1
153,-2.0762471202949104,0.7525033391133906,3.0552144149139604,-7.4592554766019825,4.677688000171306,3.6106107019303413,-5.190185288947118,-6.54820099860223,-1.7173330332744237,-2.2479760185310784,1.3437975228539085,-2.094138529761065,10.072797516197024,-6.934938852266368,-5.577854516773834,-7.553732891225078,3.151242711804531,-5.063321431664472,-0.40904578511816786,-6.773336527186196,2
154,1.1861195564695504,3.0631627278921627,2.277730685441485,0.8092881367387819,-1.4285261064064296,3.2992985155422936,-1.1807635175053435,7.851798099754487,9.557569729018532,-1.9157689973133185,4.803018301338034,-0.8520928636273597,1.299253169706431,7.079197275919112,-8.49174736512059,-7.318667130286875,-8.988520379277439,5.604226504133287,4.70287256703949,7.728544259937137,0
155,-5.931094774083844,-6.25156420130474,1.6606774607975163,-7.305929527966522,-4.122303263853052,-1.6491148422607709,6.597022934300016,-9.081147614167726,6.865618642928034,-8.98991314066475,8.06082234380349,-0.05049726398741594,9.600527369145091,1.3233975921402088,5.180219776928281,-9.720134042701734,-2.5643016642644274,-7.62664122010658,-2.5001078370870053,-8.43824772175401,3
156,1.9919353600885963,5.004828668613487,1.637790171547844,-0.19983299483230788,0.18540120812139116,2.125767240767973,-2.293780331815616,6.750603956180149,10.390560525557252,-2.8500698279092975,5.080796295472691,0.715588220961436,1.1539465113213547,7.833837305066973,-7.825287369063782,-7.192098513871191,-8.610314542253619,7.4193165806199595,5.965760550127045,5.624354964974553,0
157,-2.9615471179086903,-0.5611220781241086,-9.271782878855673,3.7258416259734455,1.1959313781213248,-6.397752587591695,-0.792135354906055,-10.439814772672209,1.6032678363017112,8.288250699233302,-3.9676538266640504,3.3138038500774103,-6.844773563312705,3.6539609847017696,-3.0382669153042707,-7.928402247510306,1.7166094954025521,-9.696194566452505,7.428677659258827,-10.401076186054594,4
158,10.003137979600924,5.833279692601332,-1.7764496128617546,4.789033700125976,-9.182765805470378,3.330395065557668,-5.872365406776923,8.792984837590312,0.03661761998801055,-3.1790841286560187,-3.7956858336552823,7.695978121923826,-2.674449160035927,0.30524603921836246,-10.303797033817041,1.7883920318350532,2.4692604045919095,3.9529294847753658,9.883558857152588,4.164003364843984,1
159,-6.664814396358016,-6.272493659213154,3.648675042658293,-7.743400929170713,-5.9718736237936945,-3.8003166877757795,6.297572238926123,-8.485683737196352,5.906183917908693,-7.672379612316085,12.129056464646972,1.038473539388746,9.463148742484647,2.981025049616782,5.647979022035659,-9.863782180599404,-3.699956674971193,-9.037060874242773,-4.882494441408683,-7.386692750508988,3
160,9.247431886334782,5.271864924591682,-1.1585669474236127,5.550655523058018,-8.434425105762001,2.5783446467301214,-5.824265499466893,8.86757978273719,1.5822286080206587,-1.3602667581827683,-3.9347271480886437,4.7102148199135065,-0.7720861905835164,1.5025918999884451,-10.236829730147832,1.5298816172232603,0.7516490665411304,3.8348195744467706,7.902558680939986,4.982627055291968,1
161,8.35629026390942,6.123843187642432,-1.514084929642236,5.451571274174749,-7.394454553324617,2.8985798346411005,-7.6081093576483205,10.166332089911588,-1.2591648318301092,-0.9765776690599147,-6.566371029501998,5.867271925407795,-1.7638976819529046,2.2469827351054996,-9.537751467265302,2.600416319984366,1.2236351288815772,1.6841098024975545,9.082178963703438,4.219975908978972,1
162,8.783264664398631,5.9844197401229575,-0.9303525426984058,4.778626032511983,-8.232661935137822,1.2783811413584132,-6.715080548601746,8.853359615640045,-0.8228209084038363,-1.6781406960017464,-3.366265747397107,4.7447379357190735,0.4381443100519433,1.0452215048895455,-9.426375823423028,2.4504607439397272,3.643437870453674,2.49711378428067,7.733060151088638,2.325435611628456,1
163,1.2158528384028864,3.9339861611445865,3.0278033105754147,3.0315319071424742,-1.1204885195456993,2.724705559783283,-0.49251548585160765,7.296327378888604,8.52356486531769,-2.2983608758707335,3.2517041286833472,-0.5760519685939207,1.0129293659577998,7.158543907705507,-9.61192193793439,-8.694162343427193,-11.238597344724095,6.246325114698928,5.027864854464164,7.425648173321398,0
164,-0.7218357408857594,4.691067802843453,-0.20029670796931143,-0.12484318369766667,-1.4882734613817172,1.261167159011169,-2.233766512430301,6.3636250081780075,10.921390142228146,-2.1669418679971115,6.401791039505961,0.3552232945429342,1.0074594731214468,6.895458577202188,-8.871116198790125,-9.018906217780808,-8.737708126901149,7.793498777616334,7.029713734571187,8.252794904397614,0
165,1.189750127456664,3.0952136737151688,1.8132476915626585,2.4159248302936422,-1.9115494363644232,2.474046168177925,-0.1700584710319124,5.276275349297498,10.454633811308872,-2.963073381489613,5.998429334105879,0.6742197509792855,2.3033593410990396,8.244338019617873,-9.257304617606712,-6.959568215318086,-11.959805868334666,6.672731092664003,4.215209596367889,6.638669576679823,0
166,-3.290759807707323,-1.9477565670665615,-8.422861429090863,3.048435537821953,0.09133580180433709,-4.58097152342352,0.5631233127932751,-9.295612227074779,0.9674984930525952,8.235850923451379,-2.9128374677307973,3.5068751482125875,-7.531652830903659,2.7343281975857243,-3.941467581849715,-5.806973514940119,3.928371192387035,-9.151515640270604,7.502911280110838,-8.972429932176915,4
167,2.859420775602749,2.9560282663059434,0.7847825229471443,1.8670603680959479,-2.7000274183360653,4.861503446982415,-1.6618747555058975,7.088005204200837,11.196197236500971,-0.8506548320500211,7.702059722079862,1.483943053333474,0.4996655368239432,10.421997718952255,-8.847282206993642,-7.45495761017279,-8.648380083419736,6.497386817867926,6.1772143893430895,8.322449636502908,0
168,0.8858880712695483,5.671384567255103,3.089677407914396,-0.09854898043312932,-2.7448425248150565,2.6129186234787025,-0.21932028215129606,7.763173008081589,8.672597652362798,-0.7789264434358847,6.121405249656638,-1.742695880732653,1.6780518481713345,9.031973380424088,-8.353670181571157,-7.807701905737193,-9.662907660116467,5.334001041314027,5.192431015776556,6.454627169380091,0
169,-4.582151886530486,-2.4175747059398645,-10.095887044904986,6.77469197147105,1.9037810753420665,-4.738085730414461,-0.5921032221395017,-9.945882848049301,1.7606681994161233,8.440772132409206,-3.1266282871160596,4.040536440355605,-6.351767709155083,4.284366969654754,-3.589867676293286,-6.743708888059572,0.8788122975869386,-9.936032345000338,7.347768324809852,-9.299592807619625,4
170,0.622276167293011,2.928836034030371,1.4116491185999873,-1.3257394922864898,-0.9016725621947179,1.3158246057263752,-2.352639114174601,7.887625094902568,8.533692213629273,-0.7881550280777097,4.541643851929843,0.8449492644072716,1.3216084036511502,7.343839268112023,-8.056002175510509,-8.428960337191434,-8.823841499979817,7.475901064922492,7.726370968277699,8.736770914372773,0
171,-2.921880659550005,-0.13854714613793773,-8.275180576770756,3.032581309088296,2.0775336840418674,-4.2381810073527095,1.863324260273801,-6.031579328834248,2.7335376663376127,8.193165752763075,-3.7878504946740303,4.506148128680268,-7.8717358878487325,4.186060617936968,-3.5775379003307037,-5.265566705269887,1.953169465423553,-12.490368898249265,6.918166549028454,-10.218139671481168,4
172,-8.369079377818066,-6.481070050363947,3.1081627391121014,-7.559629609283225,-5.832127276830646,-3.3780788711175176,6.46497760077167,-4.630435937136282,7.363580180221877,-6.4097207824864135,9.174106177811996,-1.3785449571769064,9.844925353178402,0.7552054514768853,2.4783138225202386,-8.484651649891447,-3.702522603499579,-6.76221755398355,-4.0490261763671045,-5.647072921035457,3
173,-6.6208237056701815,-6.851149270203488,4.478015354053672,-7.97449857097971,-6.980121251205453,-1.503589237932952,7.8127020297155605,-9.434993054929912,8.770141336133738,-8.313535156454591,10.2209738287803,-0.06258775794124194,8.563879443973414,1.2328622559536937,2.701679248671108,-10.367394290540147,-5.8263367092144325,-7.555878259966328,-2.7077938968350193,-7.652590551581594,3
174,-5.226760337340574,-1.5166530712134627,-8.934630090415823,3.064127665557465,2.008437768676492,-3.6349960170166478,0.2927749591574278,-6.91180487286728,1.582987603126485,7.522143984779618,-3.707808456779364,2.820711532984864,-6.903827980307054,3.92737719010996,-4.28606133640531,-7.421530202089196,2.799615164326389,-9.953477499711179,5.5093234735592045,-7.274616174301218,4
175,11.333632972075144,6.7372669479907135,-1.3954401456260344,5.2201908317436,-7.521953951714881,2.1428753970661187,-7.065417394644747,9.67098247889459,0.4012237014532605,-1.370745457527537,-3.822396218547844,5.212542032666125,-0.5922027565346659,1.059301384489608,-9.652732861107312,2.0279796764345823,1.7130446008923133,2.512391790482162,9.441506886110696,3.7827104280707124,1
176,-4.967860216903897,-2.3589117245380606,-6.808166637819103,3.2858970776988,2.4145016381117554,-6.644121009511479,2.906177228650522,-8.138474870698452,2.431211938695202,9.825582448896613,-4.20198835154072,3.7730970861424704,-7.635302767144081,3.6429765374794707,-5.7493157509595,-6.437547187799711,2.4769244136196797,-8.668667266082789,6.808218591989547,-9.491684599432086,4
177,-3.903737045258685,-1.0535641202790909,2.646102395622697,-9.768866534971352,3.5744213892869525,2.804869946081234,-6.725665018750105,-7.455949092991332,-3.6187550824125334,-2.9316186063662855,1.026388489298305,-0.373327002041144,10.109904112471353,-8.182529897234135,-3.3581429445879403,-6.579977905371662,4.194171642985298,-5.495148952336114,-2.036725490081885,-5.903244675611409,2
178,-1.216568372574253,-0.6906385248926991,3.8381368729560967,-8.543860318594712,2.124478670969763,3.019023680668799,-5.707096203952796,-7.322052060194392,-5.22204922591494,-2.3981614019127666,1.683131900871804,-1.605020937026371,9.771651760267027,-9.44259533840744,-7.302260493427654,-6.639122379961837,2.3944433183918035,-4.94572346942866,0.16570612944372953,-5.285418090273101,2
179,-7.561663860493734,-7.732488109756774,4.267080213492559,-7.0635162975873715,-6.483354437508554,-3.4786252116423597,4.989729389534771,-6.725169148781287,4.982207131046827,-9.0128148683518,7.2159873665708485,-0.9431175427956846,9.19293720404616,1.6926159742714266,4.72214168798963,-10.037509229331345,-5.257516388960542,-5.778242362475546,-4.411258997920473,-6.717786995968354,3
180,-6.796394016948882,-8.227287823463799,3.1913775285993826,-6.291480971034658,-7.682813739098828,-2.834095909005174,6.717270257275574,-7.694889818900233,6.390461806653165,-7.5892460994772675,9.821310918218778,-1.2188840805183623,11.716820392745516,2.536460600932228,4.454088237792203,-9.787963188392025,-3.3144518302408925,-7.494008984672555,-1.5290833517419111,-8.061369743867209,3
181,9.891485244741563,6.290436064840062,-2.408836380683155,3.8341949093825325,-7.418958428832651,3.3664277857768967,-7.050323219662871,8.07184382397215,0.4558885388836287,-1.7887953533350134,-5.666045856182871,6.498645942796494,-2.607269417219115,1.9574213841804757,-9.23988058606165,3.362421796329256,1.2366025820995699,2.4400870841633493,11.04612651961065,4.298480271069375,1
182,12.501463086419143,6.206029607437958,0.20562477042756266,4.0536495932198475,-8.964403343955398,2.4429256519420246,-8.330361947457638,10.379777594458062,0.02674774222110521,-0.32457931179639066,-3.222105283821829,5.5274535085679,-0.37519360186139006,1.3125795040320665,-9.085766990918358,2.8360517932981137,2.118264828556398,2.8436499189579787,10.598657845959746,4.349422211780606,1
183,-7.207921764546455,-8.140081689629342,6.433166138416031,-8.746540617005866,-5.864813065994317,-4.709928722142248,6.412927155752781,-6.148083922229763,6.350442718301968,-6.97347742064869,9.463074074314711,-1.0494746838714033,9.283565404860346,1.5100077497209188,4.15921331607621,-10.54643856723808,-2.8370600195223648,-7.989145171530065,-3.7834217387913482,-8.501977472354906,3
184,9.171069039521772,5.666515989282364,-0.1735062736934092,4.623296832271456,-8.035746192532518,1.9983379504658756,-8.176063749854428,8.036300152320512,1.1144286043478457,-1.6549408107071075,-5.5880483867425355,5.253572181091337,-2.515800662791207,0.6353661697893036,-7.4746294564056095,2.2624660918517914,2.973573381478821,2.2731915623506556,9.223130805534293,4.299664071748842,1
185,-2.6802874679780606,-2.665328005155799,5.132043899747943,-7.958854580256854,3.4740795602035326,2.1384380246287713,-7.194679311408466,-7.7285425337443705,-5.405348371066612,-2.3207043079630623,-0.006887905022742835,-1.063057001498894,9.479345308457798,-7.247318516942395,-6.760412473364794,-6.50008019277535,1.6673263164733243,-4.138618397434951,-0.7887463091513698,-4.615637491002515,2
186,-6.680781729321954,-6.053639968703141,3.081208425159196,-7.289479312469205,-8.017924554028694,-3.585602152725005,5.636365332972227,-7.950455452473345,6.772882684835352,-8.656974193512605,8.940376100734072,-0.7931291026539207,8.15381011312446,1.4842718345323611,4.403981718157738,-10.46519308798646,-4.674098641736353,-8.43087593927113,-2.8418136575476245,-7.869249418054241,3
187,8.039445791225154,4.271201120240249,-0.7242776959856781,4.652209045502547,-7.7153230955650764,2.09456139056003,-7.903718552525637,8.412533000118948,1.1405519896448224,-0.7776160524208381,-4.337715205258421,4.494851239137214,-0.2333620802156906,2.0575756439809014,-9.349556787660452,1.7490895054984514,2.9507740298155687,2.7614985121717996,5.758104978693359,4.28085801548071,1
188,2.3027317209121883,3.3391809032421262,2.115162204549154,0.6851406151676276,-2.2890185251444035,2.0301021246971875,-0.3118572311936907,7.309819422539654,9.544425394657898,-3.1326665088788204,5.187319329805531,1.0501455451459374,2.2912997179897623,8.3366163635262,-10.001198707682699,-6.259457926219181,-10.452181359427694,5.110809511286973,8.157559606765162,6.996210671085445,0
189,9.719801246306254,5.005706407088602,0.10897718697200698,6.246008052283104,-7.091900699122539,3.5143593199874683,-10.127547112046692,9.774315902072649,2.2450982455804094,-1.270122725560236,-4.516158761407733,6.181112462075772,-0.5387678819839137,2.0204602390735853,-9.622732991027485,1.586005086980642,1.2375917422338152,1.3404882092632744,7.501919019341589,2.5686639710505617,1
190,-2.3370523325023487,-1.7864525342372128,3.4163537744585124,-7.585653345230506,2.208744883041356,2.458952972090624,-6.956797232393647,-8.699987887423621,-4.73624930089618,-1.9358796393620548,2.5062179729456178,-1.9250428031137758,9.974810807230215,-7.1999471099312045,-5.721900675006143,-7.7287523999173136,1.5917647741698864,-3.9237403960788493,-0.17760513058549465,-4.5345322665692915,2
191,-3.91748888942531,-1.024383731124119,4.581623506002119,-8.481456723767458,2.5903110921056642,4.425017902428523,-7.3199807267019565,-6.492732122095992,-2.6103770374292496,-1.153454263612323,1.0614432181071507,-2.227399747315113,10.561357123492906,-8.658319064126413,-5.7784693666593165,-7.0912718594601465,2.160094537894883,-4.613168483019466,-2.0658004594319106,-4.519282478323905,2
192,9.116541496855913,7.4093300363537375,0.16571639336971933,6.288963624569579,-6.801860743156857,3.125486635671499,-5.501336824286801,9.271137510722395,0.6768335408967125,-1.547802526063886,-4.516023802357074,4.327656507868465,-0.1063203012056857,1.2382392435896419,-7.8022888934124905,2.277059470929119,2.6628327386240853,2.585282123756473,8.249404535183231,4.628542810588174,1
193,11.160128368400649,5.339913682545732,-1.904005580579822,6.607343168548924,-7.783277634855015,2.8944246315202466,-7.178047555512407,8.972500064921213,1.2874971185248723,-2.545885390788803,-5.720661842012949,5.56964192572204,-2.4834330451188618,-0.004374558668959194,-7.757520842941269,3.110178271578946,2.231857982579414,3.5766868734535784,7.834362340207339,3.32080285868381,1
194,-2.1478366220723775,-1.6002353345826417,2.4326494589594296,-9.012023439264432,2.5511129263789694,4.144051013203557,-6.135583832978286,-7.350699971002283,-4.096905438656995,-2.291845612917259,1.2203446448870394,-0.9027710160665273,7.174088196442815,-7.861852908061652,-5.408551207993073,-6.973089697214666,3.731558980700509,-4.195560920211538,0.6304293489756279,-5.006676551895663,2
195,8.831500140451208,5.374880134252976,-1.4111384791315622,4.476271932006881,-6.85723451885338,2.5073789632774512,-6.578806673492302,8.223252443264382,0.3766039406090953,-2.4178017969806405,-3.9892195873701284,5.236254481979294,-1.607866941620415,-0.27302425143681486,-9.348537441932121,1.644324889179435,2.2261352373274335,1.8469498294816107,9.82915115119125,4.180550734427676,1
196,-1.6344449717453045,-1.6330817465294702,-8.796259438696088,3.9434106871558257,1.7315357672094578,-3.1428989207432396,0.7578179899764657,-8.227904709836146,1.0254698900548895,9.371605247292853,-4.182966081587059,2.179377277306311,-8.306289192218417,3.86161647798694,-4.336312512464814,-5.283000690001377,1.1530151444587067,-8.400720623782368,4.941094297200363,-7.271487675310652,4
197,-8.063215265541896,-7.8201956355475,3.3016592481429115,-9.35479160766802,-6.37752128078041,-2.993912028168314,6.051101060753153,-8.688200231769379,5.415705606887636,-7.319993790698981,8.945348456278241,-1.650677419446823,8.775287495988835,1.6245871551539657,4.89391871267906,-8.547905168553097,-5.29704024648688,-8.075366173291055,-5.422703777577076,-11.017745614337496,3
198,-4.097110805933355,-1.1036441638216863,-9.17750378908273,2.587423176923957,2.530076358769743,-2.8937980992837753,0.6896399246075768,-7.598104459193974,3.2556969550251647,9.094577439787182,-2.463582104693513,4.0613279158062365,-6.044065848036347,4.637653499676099,-3.9129457615138667,-5.727500060517676,0.38071234032512447,-10.471165415000742,7.939842430241459,-8.485435715251818,4
199,0.4587510360360918,3.32495746808962,1.61607799963073,1.0790020891557581,-2.0297207138644437,5.330335940876871,-2.2087601563792982,7.042342652933923,6.984635170006058,-2.0796852084629083,3.8180941338535317,0.03844376168358732,1.0852206873180887,7.802204800006333,-6.840406158587751,-7.263019614653686,-8.27649517489191,5.7699780924088415,6.691729083511578,7.896243911280344,0
200,-0.5149875141591105,4.743179028712927,2.221941016805407,1.5326950968300432,0.8562407616420367,3.8623617483235364,-2.161078000190309,8.952476303737447,7.957347799509066,-2.792754228299154,5.766259156328661,2.2912411167074556,0.6161363998302058,7.685494227194206,-8.677731360467694,-8.920892292331292,-8.468996129086978,5.572465402595337,4.415666366585906,6.962422920191948,0
201,1.3357744781175052,4.159220510514654,1.6936682406512582,1.9622487960657886,-2.464784244373357,3.3509902144844665,-1.6541975019346338,8.559828520511559,10.658516756742817,-2.634267876908518,6.275533668926443,0.7566912607912686,0.5614688223355492,8.75272027559516,-8.29015833076345,-7.84454318552301,-9.79403094801353,6.7465892112689065,4.415524074153874,7.042128889456525,0
202,-0.975534022935107,3.643895597718892,0.9154650660061039,1.6826211811784368,-2.0812136397932064,2.4472446031783313,-1.4652053446827993,8.280853266536392,8.88086621187095,-5.3773126782843725,6.377812653040811,1.0169413527301312,1.1413501935474324,7.427896145181286,-8.227498725360903,-7.878178472433598,-10.06566493389436,6.435665440383222,4.632978516472688,7.2216538728490525,0
203,-2.5958469620696762,-0.08139104839863154,-9.828428620880203,5.996807552530728,2.8583358173068802,-3.268735147157143,-0.32070532323295886,-8.68344140991262,-0.41942750677585905,8.777083188250861,-4.022223874895757,3.509998287325271,-8.198560787220181,4.99941455051357,-3.8686900314402086,-7.480295839545384,1.6843707506903738,-9.31316457526427,8.587242140558836,-9.810309629050053,4
204,-5.3545010995530244,-1.7643816804844736,-10.016445536406838,4.474797816783082,0.5403097964086718,-5.275153575716069,-1.0877194717251706,-6.011036260612264,2.277759460146687,7.875993710454699,-3.477473918827371,4.67129890725482,-8.291867826139065,6.233142765077428,-5.244053035468772,-6.51353424312916,0.07988030055449746,-12.136360202304754,7.588891364883086,-9.820388384135665,4
205,8.46775024712881,5.952235027060512,0.8084524394751251,4.815082975675818,-8.200951336353555,2.4907291491834753,-6.863910178642826,9.41829620463756,1.7043780898200906,-1.2072629667208696,-4.770940883705794,6.743840918295147,-0.17288233352744686,-0.12700053888404694,-7.097835750916898,4.122631329714276,2.0737002316813546,2.7165900392336133,10.199320320288324,3.4642051893727857,1
206,-2.8777871089147786,1.1008676616402435,4.508169521615841,-8.355968244580804,3.641606797218537,4.411907242560553,-6.7584119635672515,-5.261460938532199,-3.791734684128155,-3.429184673340359,1.7064964106460137,-0.13563085472279468,8.75992188540155,-7.392234412598367,-6.538909035689783,-7.280083175474563,2.572684090552937,-4.170626482718438,-1.7828572746682527,-4.9188720499333325,2
207,-2.9840768536000915,-1.122508426077796,-8.418714987769969,4.0742270470709565,0.013151174625095186,-5.008114617037738,0.5066385842260948,-7.347672384459765,1.6499116166942474,10.253083169984636,-3.004173631723095,3.4027689839786275,-6.911643333808461,5.941340461457336,-5.338718996424512,-6.696256878428637,1.3805676717577022,-10.268607592514705,5.622220575532637,-9.308151270147944,4
208,-7.657379369742594,-6.179768581961811,4.640773920313267,-7.005322290810448,-7.167884359368413,-2.5384952010530575,6.46716909699976,-7.818350570049278,5.780677533776405,-9.601031978300034,9.69155233764995,-0.6372672833796869,9.53729678572611,3.123710973751888,3.310111104934667,-8.20555043892578,-5.087088288489126,-7.991290841586682,-4.902975412808372,-7.535825763075867,3
209,-4.132575108046075,-1.7076437231719666,3.570888831304732,-8.94828503081669,2.334573818664603,1.8169797809218742,-5.922571944989909,-7.610891975714725,-4.4989870230661895,-3.4679367427979324,0.46377881648518693,-1.6244934697699103,8.911173934189275,-6.699228453522423,-5.581468146058184,-7.746127560326592,2.7817187278405138,-6.114453555555549,0.3383837523009128,-3.727301435387125,2
210,-5.053310786042518,-1.207309803904487,-10.880715634028096,4.157965137041224,1.52014260414975,-4.944588149895265,-0.8985829411206376,-8.97972072998411,0.7123691366222571,7.411800322333778,-4.576666795439886,4.78333349057786,-6.972833739738892,5.657371732710116,-5.200720244778107,-6.767475997553343,-0.006790858245213416,-10.7883048085431,6.287687436651685,-10.326696829021724,4
211,10.489588386771137,5.926128416672283,0.1063140187490893,3.783672147424591,-8.037699789470869,3.7478259503436955,-7.29618920065225,8.806923058280631,0.006504523115640981,-0.5573818168224052,-4.411373403952514,5.528696064859681,-0.2339388103297363,1.956903906490906,-9.411616944835359,3.8997414385083866,2.1816269208093098,2.6167609854630824,8.232009016939594,3.786521209075797,1
212,0.2566656899947022,3.490794338894313,2.3297838791568175,0.006748576942408935,-2.684259272412759,2.6055900102074294,-1.405922790909966,10.092183512939803,8.568554934164354,-1.3879088985149508,6.581689095857923,-0.6110465601456474,2.1341441992812453,7.328052125659903,-11.238451074039002,-7.651094481609804,-11.351522634631205,7.103331372764675,4.8791241212597924,9.059793761126254,0
213,-2.9099180789601777,-1.2198473202790656,-8.720258951459302,3.547009230402971,0.5926281379112203,-5.2050222641529365,1.4302125866079982,-7.644510527471333,0.14771341758291245,8.784776794088838,-3.488658121285316,4.996881072651718,-9.121594501396252,3.5434145432747295,-3.2382523048395355,-7.447104984269905,4.115880328544102,-10.776793298371745,6.607922729566386,-9.34654291819406,4
214,-2.3031729624958914,-1.8815863957682266,2.4298558280411116,-8.238526446835717,1.497157569243341,4.065794675769617,-5.980797860653251,-8.597309034841162,-3.4041756690495304,-2.728660683806549,1.3673381154413469,-1.3121930272809867,10.187000869610667,-7.034669763080929,-5.325849679619454,-5.761676452477765,3.0180267904601616,-3.315708624972384,-0.10267472074405248,-5.655182189650722,2
215,-4.723642693194261,-3.544860372802816,2.35078296647078,-8.833397628598739,3.1780290206327875,3.688997244383162,-6.417594701080356,-8.157965218408682,-3.136385039105889,-2.069860169775046,1.1472852728771128,-1.266446388992546,10.171791104513517,-7.454760209876444,-6.966445577702046,-7.493383498218025,1.831620463662581,-5.441074564041189,0.13854904646795596,-4.5652162930241795,2
216,-6.207259161685969,-5.94879720023633,3.397682771521329,-6.099893345976209,-7.806684634573581,-1.9183618424597912,6.450250728423586,-7.292972506754268,7.626563367989188,-10.334281959931158,9.085586560661817,-1.2969992476454304,9.687385953812441,0.1563769977312035,3.6947629204843335,-8.214323451385917,-4.1669683024194395,-8.68408331715327,-4.330413416612569,-6.527172563189274,3
217,-1.1124955075103307,-1.825963948650875,2.949358161641409,-8.620860989601033,4.317661292713651,4.450202189094099,-5.633157011854371,-8.409570734871545,-4.196773703414208,-4.744066449501764,0.4908138707887735,-1.4064265456508558,10.156478901838005,-8.298558106504217,-5.8794439330810455,-7.169995087049891,3.813191813497738,-5.833280887630897,0.16376337127245133,-3.1506073474540344,2
218,-0.21258917923753384,3.7969709731497026,1.4589534829823698,0.8450963636683906,-3.463183819068412,3.1066608581269515,-0.7243647509119446,7.923882102686256,8.962369038322114,-2.233769457215662,6.233547107293422,-2.1946943613685614,3.3168035301293397,8.902026088541147,-9.231687418429281,-8.648367381156786,-9.101890273844297,6.536292971924394,3.532450551215515,9.464735826295701,0
219,-0.20135888393613577,3.163591026513428,3.8102536751749367,0.7646752376283449,-2.2926062076999916,3.4736692254159958,-1.2379064601798508,8.555493774983248,7.448998554082756,-2.027565719022444,6.607195598755673,-1.083699896056475,1.8090865063019583,10.208114338681382,-8.594136539396965,-7.436008068944374,-8.925061600882575,5.944891213448184,5.602901753583504,5.833248254074779,0
220,-2.6821283118412627,-4.330111035466732,-9.445180900777633,4.591940854590388,1.2498851240150375,-6.2171120541754,0.026782017849313444,-8.126581443701015,-0.19315495091482227,10.291510254011092,-2.8174310882110487,3.49756851162657,-8.099498433422994,4.013577555038286,-4.865294355401242,-7.32739849685275,1.8792250769002505,-8.494525475354978,6.388751785765798,-10.31835435681277,4
221,-3.8799214781190963,-0.29451129699184375,-9.421798584806771,4.584807282723507,0.8101014669893624,-6.284405206974585,-0.9609893785063908,-8.612742157481032,2.148541400829024,9.227710345853943,-3.8693081036476307,3.966629308128755,-7.2877796418364005,4.065053763133259,-3.3571468745836013,-5.14827885949785,2.7462860888003675,-9.904722037238772,7.146508212205407,-12.0353361476805,4
222,-3.103301864445825,-2.0015753179011604,-7.082644428104411,4.420669018408954,0.542075023989312,-6.234968121648771,-0.3023711134571234,-10.490813078133382,1.2583700670764613,8.714881002116277,-4.836287385695853,2.8027640084381638,-5.810760101767394,4.433835418030972,-2.6765345970211802,-6.5211241769187,1.5534759828751676,-11.797103121577848,7.308089331550127,-8.805532236100367,4
223,-2.31294884368581,-1.9244025421718618,4.684175500407451,-8.47584078428053,2.9254797704735336,2.9594199602246714,-4.899640625649482,-7.895078103866592,-3.387776507990045,-1.6918275943347643,3.3132780339147025,0.435903393684137,10.668299525393556,-9.465015136610825,-6.511513307521277,-7.32189682977261,4.715316341873288,-5.633485890176449,-0.287618165775506,-5.010621096710634,2
224,-4.199623007420486,-3.213039486632577,4.248403007052185,-7.952901770957623,3.580950736815129,3.379760912098522,-7.354363120352449,-6.415366979805387,-3.7354778788922642,-0.76622257594178,2.3462497166345604,-3.233095157405741,10.522526441440414,-9.355639022612596,-6.5819603685323695,-7.024566319060224,2.968104058945364,-4.536602733586892,-1.6966395836780892,-6.262180164224592,2
225,-3.2270804410729816,-2.7977342393486593,-8.335201399227618,4.339695473034469,2.1523455822784032,-5.049675849896792,0.5520988192873185,-6.892687888707382,0.8189613910042416,8.54768032871769,-1.6225945507965345,3.6522542657932893,-6.420769014586896,4.627022454296759,-3.2049443161368876,-5.851492471906037,1.5108388804395012,-9.83813345911274,6.350380968048134,-9.248302095675578,4
226,-5.06801182415598,-1.361806289448967,-9.011208697078043,2.893130390308256,-0.01374418303061864,-4.734708291004655,1.2854631330604527,-7.630194612134792,0.3408875879066935,8.244844741988274,-3.1699408249306162,4.5410162443357045,-5.856427225262789,4.542474000146419,-3.135677817518336,-7.735528730642496,2.2388814321495136,-8.005423368915409,6.537357902936269,-8.53014889689101,4
227,-8.726426201889533,-8.360582897001091,2.6108352440201155,-5.9724107706645295,-5.917654622611712,-1.9299782752844152,6.425803411345206,-9.10687485560149,7.666103018159324,-8.923473184188307,9.002945959495158,-0.444876188236402,10.480760553253848,1.895525851618176,6.295796319949309,-9.787722569965684,-3.6782714615171765,-7.59245247478592,-2.530524211344682,-7.411039607654137,3
228,0.5893992316958485,3.7934945878147612,2.239193015773188,0.5121738995623286,-3.128740062194442,2.0307013194880827,-2.1810448162525886,9.07877940009675,10.08592925212963,-1.7439102440846195,5.329142444388882,-0.2378931469358826,0.8533736202212887,7.460052663301546,-6.082078444455254,-10.502735654340587,-9.031623516119677,5.367844612966233,5.458791527502316,6.412241022442648,0
229,0.5810410958921407,3.144366811048477,1.9693367544612652,1.0919565979837085,-0.6510712516345745,2.802774792845896,-0.7908401685251594,6.8708480019078655,8.490626054193061,-2.441558922511333,4.779872297668278,1.39814623238277,1.8240215511972528,8.791028530245674,-8.240374710826318,-6.236370444484388,-10.064496239160281,4.450955625458203,5.762435215893475,7.349639423974716,0
230,-1.6652884532397219,-1.2781279795530638,5.236078954811823,-8.197544076022423,5.52395298773619,3.192984406649826,-4.891624873434002,-6.530109940549989,-4.2465593270107735,-2.8982668982545086,-0.05780293385912927,-2.776765867756258,9.8940455627153,-7.166096714342011,-5.184440844607851,-6.433785044040421,3.9251836624590593,-5.5238657449036825,-0.9463172913616347,-4.373966646554063,2
231,0.5249670414439689,4.5694753024146255,2.778368015170676,0.9222757851858484,-0.80692028307874,1.814976048377753,-1.349953049301022,7.8547394001546715,11.122846456700223,-2.5453362796845296,5.335484123659109,0.5992496189016373,0.441777777008702,8.704686614918437,-8.94433405258852,-10.048741554010368,-9.654218602327346,6.334853817028561,3.930711716929026,7.3331088103218605,0
232,-4.477621881408517,-0.671323175273358,5.5096339600774575,-7.911463369988277,1.3157942235266318,2.4285483900903397,-5.980143700497989,-6.934536741963001,-3.798085655176548,-3.2189989682580458,1.9992357160498866,-0.06381796452862631,9.535182753997928,-7.2301739176541995,-8.40151562329278,-7.711319028408804,2.740907572249958,-5.422734169958984,-0.34098632546942037,-4.097737612469684,2
233,-3.744969197961824,-0.877536914393787,4.3509200047427905,-10.051265449156105,4.558211755966763,1.3262473635080005,-6.383105931433144,-6.449503753037359,-4.884690814990362,-2.375518661585518,0.10757502008216369,-1.3209938751978159,7.4537036480123255,-8.801675486752448,-7.365386325257596,-7.175573384426575,2.6469351134863106,-5.607832120513498,0.1241286536928704,-5.998367763839383,2
234,-2.2590533744215486,-0.6639377672494479,4.397477356731806,-8.799253384559627,1.5293980463099315,3.3934346003919247,-4.731633779181013,-8.281602923195395,-5.680702447677607,-4.266342553018242,1.7179611001781967,-0.8550937219011551,10.653769955805993,-8.01436278076909,-7.322793254081876,-7.592313782893751,3.8810058819073157,-4.793672041764882,-0.02395490819389645,-4.676699354506906,2
235,0.9651244667046538,4.3152862273184525,1.2175894795249327,0.3064805561735071,-2.194624299581305,3.24484485673758,-0.9182206602358386,10.061404347379852,10.644244216311709,-2.8410128656229245,6.159370377449478,1.5750163758498483,1.3914930462171635,8.442291187406285,-8.527703893272372,-7.390137377160757,-10.443952573998718,6.326727442138586,6.0335681638434915,7.711690036490538,0
236,-2.714430112697413,1.0780487374651049,3.559803314999089,-9.131764426500181,4.8591055065304065,3.355476192572673,-7.240815641771171,-8.994270499451106,-2.464769007728843,-2.059430038897359,2.2300611167887867,-1.2857262891323054,9.040764735201728,-8.176266900763606,-5.6864336607289285,-7.6121207979987755,3.6236164188590942,-6.193764118004079,-1.0065433074490988,-5.3154960324444485,2
237,-3.225085619472514,-0.5178703658437405,-7.309346243941284,4.026329648858964,3.060360995897156,-5.643893735117875,-0.08661561826189845,-8.660309219692301,1.7762012706223962,6.471992002848539,-2.6800880287910713,4.579483685812963,-7.65222928353405,5.58474101936529,-3.6381219426789277,-7.313047400849743,1.0392291722780405,-10.105140524799515,6.907553660485538,-8.9655032128263,4
238,9.819132868635252,7.50912884521928,-1.5431846379195653,6.492640125092119,-8.887104824124656,2.2121004013393444,-7.590574846108598,9.265189422489172,0.8942760817222453,-0.744419455375184,-3.9380507975025236,5.727842004086825,-0.48662841216040664,2.957209668470502,-10.135130172505159,3.127438260584704,0.4337705279501771,2.750014180392747,8.391712027813377,3.638977164501178,1
239,-2.2092367867912035,-1.2726111919471976,4.126996967246823,-10.989173919109263,3.1581969255980296,2.522028209301692,-6.712975151540052,-6.499539242678356,-4.7871042104888355,-3.8186811874735778,1.0729248049558477,-0.7776809001062484,8.883462031436439,-6.724959749259377,-4.372617352742087,-7.655256708768539,2.817084753731112,-5.7128434218619715,-2.359166647745102,-4.808477109511788,2
240,-8.434031338588408,-7.327854777847834,3.990713120683076,-8.742804138999443,-6.071317517837253,-4.402540193157237,6.5493574329000905,-10.141208986051723,6.077152626268159,-8.689097756615872,8.820339480125309,0.8245520499285981,10.070732333545847,1.69734153457752,3.852193747071932,-9.455020471758818,-5.372973716771123,-6.622988771586957,-2.0804300480093154,-6.572245722833008,3
241,0.38486741073838426,5.428206511958758,2.8106632170962165,1.7650710712928548,-2.183367688193437,0.08332775605842047,0.8685352467375251,6.224581612191661,9.237487138160365,0.04957572773530483,6.165077517927665,1.5271448686163245,-0.14150534750306698,6.734265811119514,-9.111981628021816,-7.166664271534685,-9.941881498840795,5.857760589887262,5.761102308941977,8.482178183413648,0
242,-2.6576650129360133,-1.6334872442774768,3.939172449187908,-7.980018598174543,3.7459361002334006,3.8937272423978118,-6.42777921714245,-6.568644278628566,-3.0218706410072405,-1.721365388885923,0.6775695761714915,-1.4004283274350497,10.401010663644925,-8.56791890245657,-6.048587347867262,-4.848003904840548,5.0139275215757815,-3.694227399376998,0.2648005933758931,-6.130739309473075,2
243,-1.5578400057712485,-2.4040535552557687,3.8613568988191216,-9.19706124292752,3.897347414827535,2.4048475890792904,-6.468240472524199,-7.834691075254742,-3.5381445123838993,-2.0316558730096617,1.0752077156209858,-0.5640046552273708,10.589553117981664,-8.17231902191126,-7.068123010968902,-7.944999977734215,3.653893484459536,-5.410392385519027,-2.3864138655563303,-4.498535791784945,2
244,-8.153950605980306,-7.424713165793601,1.7383582906356057,-9.811543599796991,-6.90445837077036,-2.29440416529232,6.14998346338874,-6.790843543518704,6.942651645407765,-8.84434149406782,9.089605749788422,-2.063517326315147,10.621018988512674,0.7158103088179626,3.864863955846764,-9.376530375342213,-4.341507483980986,-9.09871913924641,-4.9827318447765965,-7.3604050186758005,3
245,-5.234175920640024,-0.696367013657792,-8.66736485708774,2.2475936338125058,-0.4863816224827351,-2.9205535134187093,1.5405643525472341,-7.73778698408398,0.05193245117042533,8.321142188743268,-4.660699962985136,2.9837725187330446,-7.580916962842641,3.6012620354626534,-5.605647591591545,-5.59746744206307,1.9796056318147472,-9.049297297846904,7.713698783699806,-8.803143073100335,4
246,2.1304541090405142,4.476291743941256,2.0763295427749417,0.9971181169686486,-1.299511238100777,1.9011436127233539,-1.3630310995169483,8.144211257478208,7.902495227477526,-1.465516700668592,6.9158767961114815,-0.05347759339130009,1.1195534304255412,7.633742423043148,-7.879898352454444,-9.318636293415095,-9.818109061436406,5.7934770031510885,5.614089296008299,5.606013693446661,0
247,8.675997122103102,4.020439275193719,0.8144077724076548,6.258551316738997,-8.773519675738301,1.5840190435912178,-6.261972469647453,8.015407724455807,1.7331163025293173,-1.0903018875633739,-4.1722912373406364,5.889369244298633,-0.6855424836451173,2.24919017655008,-10.0782843537885,2.438661914951927,2.993861042125624,2.9016696560812663,7.6799747650238235,3.1359963147654044,1
248,2.6455208849234637,4.6057765378059425,2.663423949033519,2.0126259828853392,-0.0935515103399136,3.3362802726423153,-0.8127096154504967,7.2362357381818745,9.306344961159347,-3.1853308842988,5.114560229511397,-0.31567600725610256,1.2048673308813584,9.561025953773232,-5.408304062752082,-8.067914368421272,-10.944045138949605,7.9173802408150165,5.262351142520982,6.73963437095939,0
249,-7.030608866199815,-6.740343699875227,4.034495870943153,-8.329567155487444,-3.2686451173120132,-2.9512729113657468,5.267448867999203,-7.169742494089997,6.397225692621724,-5.924312334281089,10.37659765574945,-0.8256958133547365,11.110528641538947,2.9460256063713652,3.5563763910311437,-8.327850045341181,-4.860348190420259,-7.679395060983297,-3.9461416003396397,-8.50454163318138,3
